AIPlatformModel	aiplatform.cnrm.cloud.google.com	v1alpha1	absent-from-static-config	apiextensions.k8s.io_v1_customresourcedefinition_aiplatformmodels.aiplatform.cnrm.cloud.google.com.yaml
AlloyDBInstance	alloydb.cnrm.cloud.google.com	v1alpha1,v1beta1	direct-only	apiextensions.k8s.io_v1_customresourcedefinition_alloydbinstances.alloydb.cnrm.cloud.google.com.yaml
AnalyticsAccount	analytics.cnrm.cloud.google.com	v1alpha1	absent-from-static-config	apiextensions.k8s.io_v1_customresourcedefinition_analyticsaccounts.analytics.cnrm.cloud.google.com.yaml
APIGatewayAPI	apigateway.cnrm.cloud.google.com	v1alpha1,v1beta1	direct-only	apiextensions.k8s.io_v1_customresourcedefinition_apigatewayapis.apigateway.cnrm.cloud.google.com.yaml
ApigeeAPIProduct	apigee.cnrm.cloud.google.com	v1alpha1	absent-from-static-config	apiextensions.k8s.io_v1_customresourcedefinition_apigeeapiproducts.apigee.cnrm.cloud.google.com.yaml
ApigeeEndpointAttachment	apigee.cnrm.cloud.google.com	v1alpha1,v1beta1	direct-only	apiextensions.k8s.io_v1_customresourcedefinition_apigeeendpointattachments.apigee.cnrm.cloud.google.com.yaml
ApigeeEnvgroupAttachment	apigee.cnrm.cloud.google.com	v1alpha1,v1beta1	direct-only	apiextensions.k8s.io_v1_customresourcedefinition_apigeeenvgroupattachments.apigee.cnrm.cloud.google.com.yaml
ApigeeEnvgroup	apigee.cnrm.cloud.google.com	v1alpha1,v1beta1	direct-only	apiextensions.k8s.io_v1_customresourcedefinition_apigeeenvgroups.apigee.cnrm.cloud.google.com.yaml
ApigeeInstanceAttachment	apigee.cnrm.cloud.google.com	v1alpha1,v1beta1	direct-only	apiextensions.k8s.io_v1_customresourcedefinition_apigeeinstanceattachments.apigee.cnrm.cloud.google.com.yaml
ApigeeInstance	apigee.cnrm.cloud.google.com	v1alpha1,v1beta1	direct-only	apiextensions.k8s.io_v1_customresourcedefinition_apigeeinstances.apigee.cnrm.cloud.google.com.yaml
ApigeeRegistryAPI	apigeeregistry.cnrm.cloud.google.com	v1alpha1	absent-from-static-config	apiextensions.k8s.io_v1_customresourcedefinition_apigeeregistryapis.apigeeregistry.cnrm.cloud.google.com.yaml
ApigeeRegistryArtifact	apigeeregistry.cnrm.cloud.google.com	v1alpha1	absent-from-static-config	apiextensions.k8s.io_v1_customresourcedefinition_apigeeregistryartifacts.apigeeregistry.cnrm.cloud.google.com.yaml
ApigeeRegistryInstance	apigeeregistry.cnrm.cloud.google.com	v1alpha1	direct-only	apiextensions.k8s.io_v1_customresourcedefinition_apigeeregistryinstances.apigeeregistry.cnrm.cloud.google.com.yaml
APIHubAPI	apihub.cnrm.cloud.google.com	v1alpha1	direct-only	apiextensions.k8s.io_v1_customresourcedefinition_apihubapis.apihub.cnrm.cloud.google.com.yaml
APIHubDeployment	apihub.cnrm.cloud.google.com	v1alpha1	direct-only	apiextensions.k8s.io_v1_customresourcedefinition_apihubdeployments.apihub.cnrm.cloud.google.com.yaml
APIHubExternalAPI	apihub.cnrm.cloud.google.com	v1alpha1	absent-from-static-config	apiextensions.k8s.io_v1_customresourcedefinition_apihubexternalapis.apihub.cnrm.cloud.google.com.yaml
APIHubInstance	apihub.cnrm.cloud.google.com	v1alpha1	absent-from-static-config	apiextensions.k8s.io_v1_customresourcedefinition_apihubinstances.apihub.cnrm.cloud.google.com.yaml
APIHubPlugin	apihub.cnrm.cloud.google.com	v1alpha1	direct-only	apiextensions.k8s.io_v1_customresourcedefinition_apihubplugins.apihub.cnrm.cloud.google.com.yaml
APIHubRuntimeProjectAttachment	apihub.cnrm.cloud.google.com	v1alpha1	direct-only	apiextensions.k8s.io_v1_customresourcedefinition_apihubruntimeprojectattachments.apihub.cnrm.cloud.google.com.yaml
APIQuotaAdjusterSettings	cloudquota.cnrm.cloud.google.com	v1alpha1,v1beta1	direct-only	apiextensions.k8s.io_v1_customresourcedefinition_apiquotaadjustersettings.cloudquota.cnrm.cloud.google.com.yaml
AppHubApplication	apphub.cnrm.cloud.google.com	v1alpha1,v1beta1	direct-only	apiextensions.k8s.io_v1_customresourcedefinition_apphubapplications.apphub.cnrm.cloud.google.com.yaml
AppHubDiscoveredService	apphub.cnrm.cloud.google.com	v1alpha1	absent-from-static-config	apiextensions.k8s.io_v1_customresourcedefinition_apphubdiscoveredservices.apphub.cnrm.cloud.google.com.yaml
AppHubDiscoveredWorkload	apphub.cnrm.cloud.google.com	v1alpha1	absent-from-static-config	apiextensions.k8s.io_v1_customresourcedefinition_apphubdiscoveredworkloads.apphub.cnrm.cloud.google.com.yaml
AppHubServiceProjectAttachment	apphub.cnrm.cloud.google.com	v1alpha1	direct-only	apiextensions.k8s.io_v1_customresourcedefinition_apphubserviceprojectattachments.apphub.cnrm.cloud.google.com.yaml
AppOptimizeReport	appoptimize.cnrm.cloud.google.com	v1alpha1	absent-from-static-config	apiextensions.k8s.io_v1_customresourcedefinition_appoptimizereports.appoptimize.cnrm.cloud.google.com.yaml
ArtifactRegistryVPCSCConfig	artifactregistry.cnrm.cloud.google.com	v1alpha1	direct-only	apiextensions.k8s.io_v1_customresourcedefinition_artifactregistryvpcscconfigs.artifactregistry.cnrm.cloud.google.com.yaml
AssetFeed	asset.cnrm.cloud.google.com	v1alpha1,v1beta1	direct-only	apiextensions.k8s.io_v1_customresourcedefinition_assetfeeds.asset.cnrm.cloud.google.com.yaml
AssetSavedQuery	asset.cnrm.cloud.google.com	v1alpha1,v1beta1	direct-only	apiextensions.k8s.io_v1_customresourcedefinition_assetsavedqueries.asset.cnrm.cloud.google.com.yaml
AssuredWorkloadsWorkload	assuredworkloads.cnrm.cloud.google.com	v1alpha1	absent-from-static-config	apiextensions.k8s.io_v1_customresourcedefinition_assuredworkloadsworkloads.assuredworkloads.cnrm.cloud.google.com.yaml
AutoMLDataset	automl.cnrm.cloud.google.com	v1alpha1	direct-only	apiextensions.k8s.io_v1_customresourcedefinition_automldatasets.automl.cnrm.cloud.google.com.yaml
BackupDRBackupPlanAssociation	backupdr.cnrm.cloud.google.com	v1alpha1,v1beta1	direct-only	apiextensions.k8s.io_v1_customresourcedefinition_backupdrbackupplanassociations.backupdr.cnrm.cloud.google.com.yaml
BackupDRBackupPlan	backupdr.cnrm.cloud.google.com	v1alpha1,v1beta1	direct-only	apiextensions.k8s.io_v1_customresourcedefinition_backupdrbackupplans.backupdr.cnrm.cloud.google.com.yaml
BackupDRBackupVault	backupdr.cnrm.cloud.google.com	v1alpha1,v1beta1	direct-only	apiextensions.k8s.io_v1_customresourcedefinition_backupdrbackupvaults.backupdr.cnrm.cloud.google.com.yaml
BackupDRManagementServer	backupdr.cnrm.cloud.google.com	v1alpha1	direct-only	apiextensions.k8s.io_v1_customresourcedefinition_backupdrmanagementservers.backupdr.cnrm.cloud.google.com.yaml
BatchJob	batch.cnrm.cloud.google.com	v1alpha1	direct-only	apiextensions.k8s.io_v1_customresourcedefinition_batchjobs.batch.cnrm.cloud.google.com.yaml
BatchTask	batch.cnrm.cloud.google.com	v1alpha1	absent-from-static-config	apiextensions.k8s.io_v1_customresourcedefinition_batchtasks.batch.cnrm.cloud.google.com.yaml
BeyondCorpClientConnectorService	beyondcorp.cnrm.cloud.google.com	v1alpha1	direct-only	apiextensions.k8s.io_v1_customresourcedefinition_beyondcorpclientconnectorservices.beyondcorp.cnrm.cloud.google.com.yaml
BeyondCorpClientGateway	beyondcorp.cnrm.cloud.google.com	v1alpha1	direct-only	apiextensions.k8s.io_v1_customresourcedefinition_beyondcorpclientgateways.beyondcorp.cnrm.cloud.google.com.yaml
BigLakeCatalog	bigquerybiglake.cnrm.cloud.google.com	v1alpha1	direct-only	apiextensions.k8s.io_v1_customresourcedefinition_biglakecatalogs.bigquerybiglake.cnrm.cloud.google.com.yaml
BigLakeDatabase	bigquerybiglake.cnrm.cloud.google.com	v1alpha1	direct-only	apiextensions.k8s.io_v1_customresourcedefinition_biglakedatabases.bigquerybiglake.cnrm.cloud.google.com.yaml
BigLakeTable	bigquerybiglake.cnrm.cloud.google.com	v1alpha1,v1beta1	direct-only	apiextensions.k8s.io_v1_customresourcedefinition_biglaketables.bigquerybiglake.cnrm.cloud.google.com.yaml
BigQueryAnalyticsHubDataExchange	bigqueryanalyticshub.cnrm.cloud.google.com	v1alpha1,v1beta1	direct-only	apiextensions.k8s.io_v1_customresourcedefinition_bigqueryanalyticshubdataexchanges.bigqueryanalyticshub.cnrm.cloud.google.com.yaml
BigQueryAnalyticsHubListing	bigqueryanalyticshub.cnrm.cloud.google.com	v1alpha1,v1beta1	direct-only	apiextensions.k8s.io_v1_customresourcedefinition_bigqueryanalyticshublistings.bigqueryanalyticshub.cnrm.cloud.google.com.yaml
BigQueryConnectionConnection	bigqueryconnection.cnrm.cloud.google.com	v1alpha1,v1beta1	direct-only	apiextensions.k8s.io_v1_customresourcedefinition_bigqueryconnectionconnections.bigqueryconnection.cnrm.cloud.google.com.yaml
BigQueryDataPolicy	bigquerydatapolicy.cnrm.cloud.google.com	v1alpha1	absent-from-static-config	apiextensions.k8s.io_v1_customresourcedefinition_bigquerydatapolicies.bigquerydatapolicy.cnrm.cloud.google.com.yaml
BigQueryDataTransferConfig	bigquerydatatransfer.cnrm.cloud.google.com	v1alpha1,v1beta1	direct-only	apiextensions.k8s.io_v1_customresourcedefinition_bigquerydatatransferconfigs.bigquerydatatransfer.cnrm.cloud.google.com.yaml
BigQueryMigrationMigrationWorkflow	bigquerymigration.cnrm.cloud.google.com	v1alpha1	absent-from-static-config	apiextensions.k8s.io_v1_customresourcedefinition_bigquerymigrationmigrationworkflows.bigquerymigration.cnrm.cloud.google.com.yaml
BigQueryReservationAssignment	bigqueryreservation.cnrm.cloud.google.com	v1alpha1,v1beta1	direct-only	apiextensions.k8s.io_v1_customresourcedefinition_bigqueryreservationassignments.bigqueryreservation.cnrm.cloud.google.com.yaml
BigQueryReservationReservation	bigqueryreservation.cnrm.cloud.google.com	v1alpha1,v1beta1	direct-only	apiextensions.k8s.io_v1_customresourcedefinition_bigqueryreservationreservations.bigqueryreservation.cnrm.cloud.google.com.yaml
BigtableAuthorizedView	bigtable.cnrm.cloud.google.com	v1alpha1	direct-only	apiextensions.k8s.io_v1_customresourcedefinition_bigtableauthorizedviews.bigtable.cnrm.cloud.google.com.yaml
BigtableBackup	bigtable.cnrm.cloud.google.com	v1alpha1	direct-only	apiextensions.k8s.io_v1_customresourcedefinition_bigtablebackups.bigtable.cnrm.cloud.google.com.yaml
BigtableCluster	bigtable.cnrm.cloud.google.com	v1alpha1	absent-from-static-config	apiextensions.k8s.io_v1_customresourcedefinition_bigtableclusters.bigtable.cnrm.cloud.google.com.yaml
BigtableLogicalView	bigtable.cnrm.cloud.google.com	v1alpha1	direct-only	apiextensions.k8s.io_v1_customresourcedefinition_bigtablelogicalviews.bigtable.cnrm.cloud.google.com.yaml
BigtableMaterializedView	bigtable.cnrm.cloud.google.com	v1alpha1	direct-only	apiextensions.k8s.io_v1_customresourcedefinition_bigtablematerializedviews.bigtable.cnrm.cloud.google.com.yaml
BillingAccount	billing.cnrm.cloud.google.com	v1alpha1	direct-only	apiextensions.k8s.io_v1_customresourcedefinition_billingaccounts.billing.cnrm.cloud.google.com.yaml
BinaryAuthorizationPlatformPolicy	binaryauthorization.cnrm.cloud.google.com	v1alpha1	direct-only	apiextensions.k8s.io_v1_customresourcedefinition_binaryauthorizationplatformpolicies.binaryauthorization.cnrm.cloud.google.com.yaml
BlockchainNodeEngineBlockchainNode	blockchainnodeengine.cnrm.cloud.google.com	v1alpha1	absent-from-static-config	apiextensions.k8s.io_v1_customresourcedefinition_blockchainnodeengineblockchainnodes.blockchainnodeengine.cnrm.cloud.google.com.yaml
CCInsightsConversation	contactcenterinsights.cnrm.cloud.google.com	v1alpha1	absent-from-static-config	apiextensions.k8s.io_v1_customresourcedefinition_ccinsightsconversations.contactcenterinsights.cnrm.cloud.google.com.yaml
CCInsightsIssueModel	contactcenterinsights.cnrm.cloud.google.com	v1alpha1	absent-from-static-config	apiextensions.k8s.io_v1_customresourcedefinition_ccinsightsissuemodels.contactcenterinsights.cnrm.cloud.google.com.yaml
CCInsightsPhraseMatcher	contactcenterinsights.cnrm.cloud.google.com	v1alpha1	direct-only	apiextensions.k8s.io_v1_customresourcedefinition_ccinsightsphrasematchers.contactcenterinsights.cnrm.cloud.google.com.yaml
CCInsightsQAScorecard	contactcenterinsights.cnrm.cloud.google.com	v1alpha1	absent-from-static-config	apiextensions.k8s.io_v1_customresourcedefinition_ccinsightsqascorecards.contactcenterinsights.cnrm.cloud.google.com.yaml
CCInsightsView	contactcenterinsights.cnrm.cloud.google.com	v1alpha1	direct-only	apiextensions.k8s.io_v1_customresourcedefinition_ccinsightsviews.contactcenterinsights.cnrm.cloud.google.com.yaml
CertificateManagerCertificateIssuanceConfig	certificatemanager.cnrm.cloud.google.com	v1alpha1	direct-only	apiextensions.k8s.io_v1_customresourcedefinition_certificatemanagercertificateissuanceconfigs.certificatemanager.cnrm.cloud.google.com.yaml
CertificateManagerDNSAuthorization	certificatemanager.cnrm.cloud.google.com	v1alpha1,v1beta1	direct-only	apiextensions.k8s.io_v1_customresourcedefinition_certificatemanagerdnsauthorizations.certificatemanager.cnrm.cloud.google.com.yaml
CertificateManagerTrustConfig	certificatemanager.cnrm.cloud.google.com	v1alpha1	absent-from-static-config	apiextensions.k8s.io_v1_customresourcedefinition_certificatemanagertrustconfigs.certificatemanager.cnrm.cloud.google.com.yaml
CESApp	ces.cnrm.cloud.google.com	v1alpha1	absent-from-static-config	apiextensions.k8s.io_v1_customresourcedefinition_cesapps.ces.cnrm.cloud.google.com.yaml
CloudBatchResourceAllowance	batch.cnrm.cloud.google.com	v1alpha1	direct-only	apiextensions.k8s.io_v1_customresourcedefinition_cloudbatchresourceallowances.batch.cnrm.cloud.google.com.yaml
CloudBuildConnection	cloudbuild.cnrm.cloud.google.com	v1alpha1	absent-from-static-config	apiextensions.k8s.io_v1_customresourcedefinition_cloudbuildconnections.cloudbuild.cnrm.cloud.google.com.yaml
CloudDeployAutomation	clouddeploy.cnrm.cloud.google.com	v1alpha1	direct-only	apiextensions.k8s.io_v1_customresourcedefinition_clouddeployautomations.clouddeploy.cnrm.cloud.google.com.yaml
CloudDeployCustomTargetType	clouddeploy.cnrm.cloud.google.com	v1alpha1	absent-from-static-config	apiextensions.k8s.io_v1_customresourcedefinition_clouddeploycustomtargettypes.clouddeploy.cnrm.cloud.google.com.yaml
CloudDeployDeliveryPipeline	clouddeploy.cnrm.cloud.google.com	v1alpha1,v1beta1	direct-only	apiextensions.k8s.io_v1_customresourcedefinition_clouddeploydeliverypipelines.clouddeploy.cnrm.cloud.google.com.yaml
CloudDeployDeployPolicy	clouddeploy.cnrm.cloud.google.com	v1alpha1	direct-only	apiextensions.k8s.io_v1_customresourcedefinition_clouddeploydeploypolicies.clouddeploy.cnrm.cloud.google.com.yaml
CloudDeployTarget	clouddeploy.cnrm.cloud.google.com	v1alpha1	direct-only	apiextensions.k8s.io_v1_customresourcedefinition_clouddeploytargets.clouddeploy.cnrm.cloud.google.com.yaml
CloudDMSConversionWorkspace	clouddms.cnrm.cloud.google.com	v1alpha1	absent-from-static-config	apiextensions.k8s.io_v1_customresourcedefinition_clouddmsconversionworkspaces.clouddms.cnrm.cloud.google.com.yaml
CloudDMSMigrationJob	clouddms.cnrm.cloud.google.com	v1alpha1	absent-from-static-config	apiextensions.k8s.io_v1_customresourcedefinition_clouddmsmigrationjobs.clouddms.cnrm.cloud.google.com.yaml
CloudDMSPrivateConnection	clouddms.cnrm.cloud.google.com	v1alpha1	absent-from-static-config	apiextensions.k8s.io_v1_customresourcedefinition_clouddmsprivateconnections.clouddms.cnrm.cloud.google.com.yaml
CloudSecurityComplianceCloudControl	cloudsecuritycompliance.cnrm.cloud.google.com	v1alpha1	direct-only	apiextensions.k8s.io_v1_customresourcedefinition_cloudsecuritycompliancecloudcontrols.cloudsecuritycompliance.cnrm.cloud.google.com.yaml
CloudSecurityComplianceFramework	cloudsecuritycompliance.cnrm.cloud.google.com	v1alpha1	direct-only	apiextensions.k8s.io_v1_customresourcedefinition_cloudsecuritycomplianceframeworks.cloudsecuritycompliance.cnrm.cloud.google.com.yaml
CloudSecurityFramework	cloudsecuritycompliance.cnrm.cloud.google.com	v1alpha1	absent-from-static-config	apiextensions.k8s.io_v1_customresourcedefinition_cloudsecurityframeworks.cloudsecuritycompliance.cnrm.cloud.google.com.yaml
CloudTalentSolutionCompany	cloudtalentsolution.cnrm.cloud.google.com	v1alpha1	direct-only	apiextensions.k8s.io_v1_customresourcedefinition_cloudtalentsolutioncompanies.cloudtalentsolution.cnrm.cloud.google.com.yaml
ColabRuntime	colab.cnrm.cloud.google.com	v1alpha1	direct-only	apiextensions.k8s.io_v1_customresourcedefinition_colabruntimes.colab.cnrm.cloud.google.com.yaml
ColabRuntimeTemplate	colab.cnrm.cloud.google.com	v1alpha1	direct-only	apiextensions.k8s.io_v1_customresourcedefinition_colabruntimetemplates.colab.cnrm.cloud.google.com.yaml
ComposerEnvironment	composer.cnrm.cloud.google.com	v1alpha1,v1beta1	direct-only	apiextensions.k8s.io_v1_customresourcedefinition_composerenvironments.composer.cnrm.cloud.google.com.yaml
ComputeFutureReservation	compute.cnrm.cloud.google.com	v1alpha1	direct-only	apiextensions.k8s.io_v1_customresourcedefinition_computefuturereservations.compute.cnrm.cloud.google.com.yaml
ComputeInterconnect	compute.cnrm.cloud.google.com	v1alpha1	absent-from-static-config	apiextensions.k8s.io_v1_customresourcedefinition_computeinterconnects.compute.cnrm.cloud.google.com.yaml
ComputeNetworkAttachment	compute.cnrm.cloud.google.com	v1alpha1	direct-only	apiextensions.k8s.io_v1_customresourcedefinition_computenetworkattachments.compute.cnrm.cloud.google.com.yaml
ComputeNetworkEdgeSecurityService	compute.cnrm.cloud.google.com	v1alpha1	direct-only	apiextensions.k8s.io_v1_customresourcedefinition_computenetworkedgesecurityservices.compute.cnrm.cloud.google.com.yaml
ConfigDeliveryFleetPackage	configdelivery.cnrm.cloud.google.com	v1alpha1	direct-only	apiextensions.k8s.io_v1_customresourcedefinition_configdeliveryfleetpackages.configdelivery.cnrm.cloud.google.com.yaml
ConfigDeliveryResourceBundle	configdelivery.cnrm.cloud.google.com	v1alpha1	absent-from-static-config	apiextensions.k8s.io_v1_customresourcedefinition_configdeliveryresourcebundles.configdelivery.cnrm.cloud.google.com.yaml
ConfigDeploymentGroup	configdeployment.cnrm.cloud.google.com	v1alpha1	direct-only	apiextensions.k8s.io_v1_customresourcedefinition_configdeploymentgroups.configdeployment.cnrm.cloud.google.com.yaml
ConnectorsConnection	connectors.cnrm.cloud.google.com	v1alpha1	absent-from-static-config	apiextensions.k8s.io_v1_customresourcedefinition_connectorsconnections.connectors.cnrm.cloud.google.com.yaml
ContentWarehouseDocument	contentwarehouse.cnrm.cloud.google.com	v1alpha1	absent-from-static-config	apiextensions.k8s.io_v1_customresourcedefinition_contentwarehousedocuments.contentwarehouse.cnrm.cloud.google.com.yaml
ContentWarehouseRuleSet	contentwarehouse.cnrm.cloud.google.com	v1alpha1	absent-from-static-config	apiextensions.k8s.io_v1_customresourcedefinition_contentwarehouserulesets.contentwarehouse.cnrm.cloud.google.com.yaml
ContentWarehouseSchema	contentwarehouse.cnrm.cloud.google.com	v1alpha1	absent-from-static-config	apiextensions.k8s.io_v1_customresourcedefinition_contentwarehouseschemas.contentwarehouse.cnrm.cloud.google.com.yaml
ContentWarehouseSynonymSet	contentwarehouse.cnrm.cloud.google.com	v1alpha1	absent-from-static-config	apiextensions.k8s.io_v1_customresourcedefinition_contentwarehousesynonymsets.contentwarehouse.cnrm.cloud.google.com.yaml
DatabaseMigrationConversionWorkspace	datamigration.cnrm.cloud.google.com	v1alpha1	direct-only	apiextensions.k8s.io_v1_customresourcedefinition_databasemigrationconversionworkspaces.datamigration.cnrm.cloud.google.com.yaml
DatabaseMigrationMigrationJob	datamigration.cnrm.cloud.google.com	v1alpha1	direct-only	apiextensions.k8s.io_v1_customresourcedefinition_databasemigrationmigrationjobs.datamigration.cnrm.cloud.google.com.yaml
DatabaseMigrationPrivateConnection	datamigration.cnrm.cloud.google.com	v1alpha1	absent-from-static-config	apiextensions.k8s.io_v1_customresourcedefinition_databasemigrationprivateconnections.datamigration.cnrm.cloud.google.com.yaml
DataCatalogEntry	datacatalog.cnrm.cloud.google.com	v1alpha1	direct-only	apiextensions.k8s.io_v1_customresourcedefinition_datacatalogentries.datacatalog.cnrm.cloud.google.com.yaml
DataCatalogEntryGroup	datacatalog.cnrm.cloud.google.com	v1alpha1	direct-only	apiextensions.k8s.io_v1_customresourcedefinition_datacatalogentrygroups.datacatalog.cnrm.cloud.google.com.yaml
DataCatalogTag	datacatalog.cnrm.cloud.google.com	v1alpha1	direct-only	apiextensions.k8s.io_v1_customresourcedefinition_datacatalogtags.datacatalog.cnrm.cloud.google.com.yaml
DataCatalogTagTemplate	datacatalog.cnrm.cloud.google.com	v1alpha1	direct-only	apiextensions.k8s.io_v1_customresourcedefinition_datacatalogtagtemplates.datacatalog.cnrm.cloud.google.com.yaml
DataformFolder	dataform.cnrm.cloud.google.com	v1alpha1	absent-from-static-config	apiextensions.k8s.io_v1_customresourcedefinition_dataformfolders.dataform.cnrm.cloud.google.com.yaml
DataformRepository	dataform.cnrm.cloud.google.com	v1alpha1,v1beta1	direct-only	apiextensions.k8s.io_v1_customresourcedefinition_dataformrepositories.dataform.cnrm.cloud.google.com.yaml
DataformTeamFolder	dataform.cnrm.cloud.google.com	v1alpha1	direct-only	apiextensions.k8s.io_v1_customresourcedefinition_dataformteamfolders.dataform.cnrm.cloud.google.com.yaml
DataLabelingAnnotationSpecSet	datalabeling.cnrm.cloud.google.com	v1alpha1	absent-from-static-config	apiextensions.k8s.io_v1_customresourcedefinition_datalabelingannotationspecsets.datalabeling.cnrm.cloud.google.com.yaml
DataLabelingDataset	datalabeling.cnrm.cloud.google.com	v1alpha1	absent-from-static-config	apiextensions.k8s.io_v1_customresourcedefinition_datalabelingdatasets.datalabeling.cnrm.cloud.google.com.yaml
DataLabelingEvaluationJob	datalabeling.cnrm.cloud.google.com	v1alpha1	absent-from-static-config	apiextensions.k8s.io_v1_customresourcedefinition_datalabelingevaluationjobs.datalabeling.cnrm.cloud.google.com.yaml
DataLabelingInstruction	datalabeling.cnrm.cloud.google.com	v1alpha1	direct-only	apiextensions.k8s.io_v1_customresourcedefinition_datalabelinginstructions.datalabeling.cnrm.cloud.google.com.yaml
DataLineageProcess	datalineage.cnrm.cloud.google.com	v1alpha1	absent-from-static-config	apiextensions.k8s.io_v1_customresourcedefinition_datalineageprocesses.datalineage.cnrm.cloud.google.com.yaml
DataplexAspectType	dataplex.cnrm.cloud.google.com	v1alpha1	absent-from-static-config	apiextensions.k8s.io_v1_customresourcedefinition_dataplexaspecttypes.dataplex.cnrm.cloud.google.com.yaml
DataplexDataAttributeBinding	dataplex.cnrm.cloud.google.com	v1alpha1	absent-from-static-config	apiextensions.k8s.io_v1_customresourcedefinition_dataplexdataattributebindings.dataplex.cnrm.cloud.google.com.yaml
DataplexDataScan	dataplex.cnrm.cloud.google.com	v1alpha1	absent-from-static-config	apiextensions.k8s.io_v1_customresourcedefinition_dataplexdatascans.dataplex.cnrm.cloud.google.com.yaml
DataplexDataTaxonomy	dataplex.cnrm.cloud.google.com	v1alpha1	absent-from-static-config	apiextensions.k8s.io_v1_customresourcedefinition_dataplexdatataxonomies.dataplex.cnrm.cloud.google.com.yaml
DataplexEntryGroup	dataplex.cnrm.cloud.google.com	v1alpha1	direct-only	apiextensions.k8s.io_v1_customresourcedefinition_dataplexentrygroups.dataplex.cnrm.cloud.google.com.yaml
DataplexEntryType	dataplex.cnrm.cloud.google.com	v1alpha1	direct-only	apiextensions.k8s.io_v1_customresourcedefinition_dataplexentrytypes.dataplex.cnrm.cloud.google.com.yaml
DataplexGlossary	dataplex.cnrm.cloud.google.com	v1alpha1	absent-from-static-config	apiextensions.k8s.io_v1_customresourcedefinition_dataplexglossaries.dataplex.cnrm.cloud.google.com.yaml
DataplexLake	dataplex.cnrm.cloud.google.com	v1alpha1	direct-only	apiextensions.k8s.io_v1_customresourcedefinition_dataplexlakes.dataplex.cnrm.cloud.google.com.yaml
DataplexMetadataJob	dataplex.cnrm.cloud.google.com	v1alpha1	direct-only	apiextensions.k8s.io_v1_customresourcedefinition_dataplexmetadatajobs.dataplex.cnrm.cloud.google.com.yaml
DataplexTask	dataplex.cnrm.cloud.google.com	v1alpha1	direct-only	apiextensions.k8s.io_v1_customresourcedefinition_dataplextasks.dataplex.cnrm.cloud.google.com.yaml
DataplexZone	dataplex.cnrm.cloud.google.com	v1alpha1	direct-only	apiextensions.k8s.io_v1_customresourcedefinition_dataplexzones.dataplex.cnrm.cloud.google.com.yaml
DataprocBatch	dataproc.cnrm.cloud.google.com	v1alpha1	direct-only	apiextensions.k8s.io_v1_customresourcedefinition_dataprocbatches.dataproc.cnrm.cloud.google.com.yaml
DataprocJob	dataproc.cnrm.cloud.google.com	v1alpha1	direct-only	apiextensions.k8s.io_v1_customresourcedefinition_dataprocjobs.dataproc.cnrm.cloud.google.com.yaml
DataprocNodeGroup	dataproc.cnrm.cloud.google.com	v1alpha1	absent-from-static-config	apiextensions.k8s.io_v1_customresourcedefinition_dataprocnodegroups.dataproc.cnrm.cloud.google.com.yaml
DataprocSession	dataproc.cnrm.cloud.google.com	v1alpha1	direct-only	apiextensions.k8s.io_v1_customresourcedefinition_dataprocsessions.dataproc.cnrm.cloud.google.com.yaml
DataprocSessionTemplate	dataproc.cnrm.cloud.google.com	v1alpha1	direct-only	apiextensions.k8s.io_v1_customresourcedefinition_dataprocsessiontemplates.dataproc.cnrm.cloud.google.com.yaml
DatastreamConnectionProfile	datastream.cnrm.cloud.google.com	v1alpha1	direct-only	apiextensions.k8s.io_v1_customresourcedefinition_datastreamconnectionprofiles.datastream.cnrm.cloud.google.com.yaml
DatastreamPrivateConnection	datastream.cnrm.cloud.google.com	v1alpha1	direct-only	apiextensions.k8s.io_v1_customresourcedefinition_datastreamprivateconnections.datastream.cnrm.cloud.google.com.yaml
DatastreamRoute	datastream.cnrm.cloud.google.com	v1alpha1	direct-only	apiextensions.k8s.io_v1_customresourcedefinition_datastreamroutes.datastream.cnrm.cloud.google.com.yaml
DevConnectAccountConnector	developerconnect.cnrm.cloud.google.com	v1alpha1	direct-only	apiextensions.k8s.io_v1_customresourcedefinition_devconnectaccountconnectors.developerconnect.cnrm.cloud.google.com.yaml
DevConnectConnection	developerconnect.cnrm.cloud.google.com	v1alpha1	absent-from-static-config	apiextensions.k8s.io_v1_customresourcedefinition_devconnectconnections.developerconnect.cnrm.cloud.google.com.yaml
DevConnectInsightsConfig	developerconnect.cnrm.cloud.google.com	v1alpha1	direct-only	apiextensions.k8s.io_v1_customresourcedefinition_devconnectinsightsconfigs.developerconnect.cnrm.cloud.google.com.yaml
DeviceStreamingSession	devicestreaming.cnrm.cloud.google.com	v1alpha1	direct-only	apiextensions.k8s.io_v1_customresourcedefinition_devicestreamingsessions.devicestreaming.cnrm.cloud.google.com.yaml
DialogflowConversationDataset	dialogflow.cnrm.cloud.google.com	v1alpha1	absent-from-static-config	apiextensions.k8s.io_v1_customresourcedefinition_dialogflowconversationdatasets.dialogflow.cnrm.cloud.google.com.yaml
DialogflowGenerator	dialogflow.cnrm.cloud.google.com	v1alpha1	absent-from-static-config	apiextensions.k8s.io_v1_customresourcedefinition_dialogflowgenerators.dialogflow.cnrm.cloud.google.com.yaml
DialogflowKnowledgeBase	dialogflow.cnrm.cloud.google.com	v1alpha1	absent-from-static-config	apiextensions.k8s.io_v1_customresourcedefinition_dialogflowknowledgebases.dialogflow.cnrm.cloud.google.com.yaml
DialogflowSecuritySettings	dialogflow.cnrm.cloud.google.com	v1alpha1	absent-from-static-config	apiextensions.k8s.io_v1_customresourcedefinition_dialogflowsecuritysettings.dialogflow.cnrm.cloud.google.com.yaml
DialogflowSipTrunk	dialogflow.cnrm.cloud.google.com	v1alpha1	direct-only	apiextensions.k8s.io_v1_customresourcedefinition_dialogflowsiptrunks.dialogflow.cnrm.cloud.google.com.yaml
DiscoveryEngineControl	discoveryengine.cnrm.cloud.google.com	v1alpha1	absent-from-static-config	apiextensions.k8s.io_v1_customresourcedefinition_discoveryenginecontrols.discoveryengine.cnrm.cloud.google.com.yaml
DiscoveryEngineConversation	discoveryengine.cnrm.cloud.google.com	v1alpha1	direct-only	apiextensions.k8s.io_v1_customresourcedefinition_discoveryengineconversations.discoveryengine.cnrm.cloud.google.com.yaml
DiscoveryEngineDataStore	discoveryengine.cnrm.cloud.google.com	v1alpha1	direct-only	apiextensions.k8s.io_v1_customresourcedefinition_discoveryenginedatastores.discoveryengine.cnrm.cloud.google.com.yaml
DiscoveryEngineDataStoreTargetSite	discoveryengine.cnrm.cloud.google.com	v1alpha1	absent-from-static-config	apiextensions.k8s.io_v1_customresourcedefinition_discoveryenginedatastoretargetsites.discoveryengine.cnrm.cloud.google.com.yaml
DiscoveryEngineEngine	discoveryengine.cnrm.cloud.google.com	v1alpha1	direct-only	apiextensions.k8s.io_v1_customresourcedefinition_discoveryengineengines.discoveryengine.cnrm.cloud.google.com.yaml
DiscoveryEngineIdentityMappingStore	discoveryengine.cnrm.cloud.google.com	v1alpha1	absent-from-static-config	apiextensions.k8s.io_v1_customresourcedefinition_discoveryengineidentitymappingstores.discoveryengine.cnrm.cloud.google.com.yaml
DiscoveryEngineLicenseConfig	discoveryengine.cnrm.cloud.google.com	v1alpha1	direct-only	apiextensions.k8s.io_v1_customresourcedefinition_discoveryenginelicenseconfigs.discoveryengine.cnrm.cloud.google.com.yaml
DiscoveryEngineSampleQuery	discoveryengine.cnrm.cloud.google.com	v1alpha1	absent-from-static-config	apiextensions.k8s.io_v1_customresourcedefinition_discoveryenginesamplequeries.discoveryengine.cnrm.cloud.google.com.yaml
DiscoveryEngineSampleQuerySet	discoveryengine.cnrm.cloud.google.com	v1alpha1	absent-from-static-config	apiextensions.k8s.io_v1_customresourcedefinition_discoveryenginesamplequerysets.discoveryengine.cnrm.cloud.google.com.yaml
DiscoveryEngineServingConfig	discoveryengine.cnrm.cloud.google.com	v1alpha1	direct-only	apiextensions.k8s.io_v1_customresourcedefinition_discoveryengineservingconfigs.discoveryengine.cnrm.cloud.google.com.yaml
DiscoveryEngineSession	discoveryengine.cnrm.cloud.google.com	v1alpha1	direct-only	apiextensions.k8s.io_v1_customresourcedefinition_discoveryenginesessions.discoveryengine.cnrm.cloud.google.com.yaml
DiscoveryEngineUserStore	discoveryengine.cnrm.cloud.google.com	v1alpha1	direct-only	apiextensions.k8s.io_v1_customresourcedefinition_discoveryengineuserstores.discoveryengine.cnrm.cloud.google.com.yaml
DLPConnection	dlp.cnrm.cloud.google.com	v1alpha1	direct-only	apiextensions.k8s.io_v1_customresourcedefinition_dlpconnections.dlp.cnrm.cloud.google.com.yaml
DLPDiscoveryConfig	dlp.cnrm.cloud.google.com	v1alpha1	direct-only	apiextensions.k8s.io_v1_customresourcedefinition_dlpdiscoveryconfigs.dlp.cnrm.cloud.google.com.yaml
DocumentAIProcessor	documentai.cnrm.cloud.google.com	v1alpha1	direct-only	apiextensions.k8s.io_v1_customresourcedefinition_documentaiprocessors.documentai.cnrm.cloud.google.com.yaml
DocumentAIProcessorVersion	documentai.cnrm.cloud.google.com	v1alpha1,v1beta1	direct-only	apiextensions.k8s.io_v1_customresourcedefinition_documentaiprocessorversions.documentai.cnrm.cloud.google.com.yaml
EdgeContainerMachine	edgecontainer.cnrm.cloud.google.com	v1alpha1	absent-from-static-config	apiextensions.k8s.io_v1_customresourcedefinition_edgecontainermachines.edgecontainer.cnrm.cloud.google.com.yaml
EssentialContactsContact	essentialcontacts.cnrm.cloud.google.com	v1alpha1,v1beta1	direct-only	apiextensions.k8s.io_v1_customresourcedefinition_essentialcontactscontacts.essentialcontacts.cnrm.cloud.google.com.yaml
EventarcChannelConnection	eventarc.cnrm.cloud.google.com	v1alpha1	direct-only	apiextensions.k8s.io_v1_customresourcedefinition_eventarcchannelconnections.eventarc.cnrm.cloud.google.com.yaml
EventarcChannel	eventarc.cnrm.cloud.google.com	v1alpha1	direct-only	apiextensions.k8s.io_v1_customresourcedefinition_eventarcchannels.eventarc.cnrm.cloud.google.com.yaml
EventarcEnrollment	eventarc.cnrm.cloud.google.com	v1alpha1	direct-only	apiextensions.k8s.io_v1_customresourcedefinition_eventarcenrollments.eventarc.cnrm.cloud.google.com.yaml
EventarcGoogleAPISource	eventarc.cnrm.cloud.google.com	v1alpha1	direct-only	apiextensions.k8s.io_v1_customresourcedefinition_eventarcgoogleapisources.eventarc.cnrm.cloud.google.com.yaml
EventarcGoogleChannelConfig	eventarc.cnrm.cloud.google.com	v1alpha1	direct-only	apiextensions.k8s.io_v1_customresourcedefinition_eventarcgooglechannelconfigs.eventarc.cnrm.cloud.google.com.yaml
FirestoreBackupSchedule	firestore.cnrm.cloud.google.com	v1alpha1	direct-only	apiextensions.k8s.io_v1_customresourcedefinition_firestorebackupschedules.firestore.cnrm.cloud.google.com.yaml
FirestoreDatabase	firestore.cnrm.cloud.google.com	v1alpha1,v1beta1	direct-only	apiextensions.k8s.io_v1_customresourcedefinition_firestoredatabases.firestore.cnrm.cloud.google.com.yaml
FirestoreDocument	firestore.cnrm.cloud.google.com	v1alpha1	direct-only	apiextensions.k8s.io_v1_customresourcedefinition_firestoredocuments.firestore.cnrm.cloud.google.com.yaml
FirestoreField	firestore.cnrm.cloud.google.com	v1alpha1	direct-only	apiextensions.k8s.io_v1_customresourcedefinition_firestorefields.firestore.cnrm.cloud.google.com.yaml
GeminiDataAnalyticsConversation	geminidataanalytics.cnrm.cloud.google.com	v1alpha1	direct-only	apiextensions.k8s.io_v1_customresourcedefinition_geminidataanalyticsconversations.geminidataanalytics.cnrm.cloud.google.com.yaml
GKEBackupBackupChannel	gkebackup.cnrm.cloud.google.com	v1alpha1	direct-only	apiextensions.k8s.io_v1_customresourcedefinition_gkebackupbackupchannels.gkebackup.cnrm.cloud.google.com.yaml
GKEBackupBackupPlan	gkebackup.cnrm.cloud.google.com	v1alpha1	direct-only	apiextensions.k8s.io_v1_customresourcedefinition_gkebackupbackupplans.gkebackup.cnrm.cloud.google.com.yaml
GKEBackupBackup	gkebackup.cnrm.cloud.google.com	v1alpha1	direct-only	apiextensions.k8s.io_v1_customresourcedefinition_gkebackupbackups.gkebackup.cnrm.cloud.google.com.yaml
GKEBackupRestorePlan	gkebackup.cnrm.cloud.google.com	v1alpha1	direct-only	apiextensions.k8s.io_v1_customresourcedefinition_gkebackuprestoreplans.gkebackup.cnrm.cloud.google.com.yaml
GKEBackupRestore	gkebackup.cnrm.cloud.google.com	v1alpha1	direct-only	apiextensions.k8s.io_v1_customresourcedefinition_gkebackuprestores.gkebackup.cnrm.cloud.google.com.yaml
GKEHubFleet	gkehub.cnrm.cloud.google.com	v1alpha1	direct-only	apiextensions.k8s.io_v1_customresourcedefinition_gkehubfleets.gkehub.cnrm.cloud.google.com.yaml
GKEHubMembershipBinding	gkehub.cnrm.cloud.google.com	v1alpha1	direct-only	apiextensions.k8s.io_v1_customresourcedefinition_gkehubmembershipbindings.gkehub.cnrm.cloud.google.com.yaml
GKEHubNamespace	gkehub.cnrm.cloud.google.com	v1alpha1	direct-only	apiextensions.k8s.io_v1_customresourcedefinition_gkehubnamespaces.gkehub.cnrm.cloud.google.com.yaml
GKEHubScopeRBACRoleBinding	gkehub.cnrm.cloud.google.com	v1alpha1	direct-only	apiextensions.k8s.io_v1_customresourcedefinition_gkehubscoperbacrolebindings.gkehub.cnrm.cloud.google.com.yaml
GKEHubScope	gkehub.cnrm.cloud.google.com	v1alpha1	direct-only	apiextensions.k8s.io_v1_customresourcedefinition_gkehubscopes.gkehub.cnrm.cloud.google.com.yaml
GKEMulticloudAttachedCluster	gkemulticloud.cnrm.cloud.google.com	v1alpha1	direct-only	apiextensions.k8s.io_v1_customresourcedefinition_gkemulticloudattachedclusters.gkemulticloud.cnrm.cloud.google.com.yaml
GrafeasNote	grafeas.cnrm.cloud.google.com	v1alpha1	direct-only	apiextensions.k8s.io_v1_customresourcedefinition_grafeasnotes.grafeas.cnrm.cloud.google.com.yaml
HypercomputeClusterCluster	hypercomputecluster.cnrm.cloud.google.com	v1alpha1	direct-only	apiextensions.k8s.io_v1_customresourcedefinition_hypercomputeclusterclusters.hypercomputecluster.cnrm.cloud.google.com.yaml
IAMDenyPolicy	iam.cnrm.cloud.google.com	v1alpha1	direct-only	apiextensions.k8s.io_v1_customresourcedefinition_iamdenypolicies.iam.cnrm.cloud.google.com.yaml
IAPSettings	iap.cnrm.cloud.google.com	v1alpha1,v1beta1	direct-only	apiextensions.k8s.io_v1_customresourcedefinition_iapsettings.iap.cnrm.cloud.google.com.yaml
KMSAutokeyConfig	kms.cnrm.cloud.google.com	v1alpha1,v1beta1	direct-only	apiextensions.k8s.io_v1_customresourcedefinition_kmsautokeyconfigs.kms.cnrm.cloud.google.com.yaml
KMSImportJob	kms.cnrm.cloud.google.com	v1alpha1,v1beta1	direct-only	apiextensions.k8s.io_v1_customresourcedefinition_kmsimportjobs.kms.cnrm.cloud.google.com.yaml
KMSKeyHandle	kms.cnrm.cloud.google.com	v1alpha1,v1beta1	direct-only	apiextensions.k8s.io_v1_customresourcedefinition_kmskeyhandles.kms.cnrm.cloud.google.com.yaml
LicenseManagerConfiguration	licensemanager.cnrm.cloud.google.com	v1alpha1	direct-only	apiextensions.k8s.io_v1_customresourcedefinition_licensemanagerconfigurations.licensemanager.cnrm.cloud.google.com.yaml
LiveStreamAsset	livestream.cnrm.cloud.google.com	v1alpha1	absent-from-static-config	apiextensions.k8s.io_v1_customresourcedefinition_livestreamassets.livestream.cnrm.cloud.google.com.yaml
LoggingLink	logging.cnrm.cloud.google.com	v1alpha1,v1beta1	direct-only	apiextensions.k8s.io_v1_customresourcedefinition_logginglinks.logging.cnrm.cloud.google.com.yaml
ManagedKafkaCluster	managedkafka.cnrm.cloud.google.com	v1alpha1,v1beta1	direct-only	apiextensions.k8s.io_v1_customresourcedefinition_managedkafkaclusters.managedkafka.cnrm.cloud.google.com.yaml
ManagedKafkaConnectCluster	managedkafka.cnrm.cloud.google.com	v1alpha1	absent-from-static-config	apiextensions.k8s.io_v1_customresourcedefinition_managedkafkaconnectclusters.managedkafka.cnrm.cloud.google.com.yaml
ManagedKafkaConsumerGroup	managedkafka.cnrm.cloud.google.com	v1alpha1	absent-from-static-config	apiextensions.k8s.io_v1_customresourcedefinition_managedkafkaconsumergroups.managedkafka.cnrm.cloud.google.com.yaml
ManagedKafkaTopic	managedkafka.cnrm.cloud.google.com	v1alpha1,v1beta1	direct-only	apiextensions.k8s.io_v1_customresourcedefinition_managedkafkatopics.managedkafka.cnrm.cloud.google.com.yaml
MapManagementMapConfig	mapmanagement.cnrm.cloud.google.com	v1alpha1	absent-from-static-config	apiextensions.k8s.io_v1_customresourcedefinition_mapmanagementmapconfigs.mapmanagement.cnrm.cloud.google.com.yaml
MemorystoreInstanceEndpoint	memorystore.cnrm.cloud.google.com	v1alpha1	direct-only	apiextensions.k8s.io_v1_customresourcedefinition_memorystoreinstanceendpoints.memorystore.cnrm.cloud.google.com.yaml
MemorystoreInstance	memorystore.cnrm.cloud.google.com	v1alpha1,v1beta1	direct-only	apiextensions.k8s.io_v1_customresourcedefinition_memorystoreinstances.memorystore.cnrm.cloud.google.com.yaml
MetastoreBackup	metastore.cnrm.cloud.google.com	v1alpha1,v1beta1	direct-only	apiextensions.k8s.io_v1_customresourcedefinition_metastorebackups.metastore.cnrm.cloud.google.com.yaml
MetastoreFederation	metastore.cnrm.cloud.google.com	v1alpha1	direct-only	apiextensions.k8s.io_v1_customresourcedefinition_metastorefederations.metastore.cnrm.cloud.google.com.yaml
MetastoreService	metastore.cnrm.cloud.google.com	v1alpha1	direct-only	apiextensions.k8s.io_v1_customresourcedefinition_metastoreservices.metastore.cnrm.cloud.google.com.yaml
MigrationCenterGroup	migrationcenter.cnrm.cloud.google.com	v1alpha1	direct-only	apiextensions.k8s.io_v1_customresourcedefinition_migrationcentergroups.migrationcenter.cnrm.cloud.google.com.yaml
ModelArmorTemplate	modelarmor.cnrm.cloud.google.com	v1alpha1	direct-only	apiextensions.k8s.io_v1_customresourcedefinition_modelarmortemplates.modelarmor.cnrm.cloud.google.com.yaml
NetAppBackupPolicy	netapp.cnrm.cloud.google.com	v1alpha1	direct-only	apiextensions.k8s.io_v1_customresourcedefinition_netappbackuppolicies.netapp.cnrm.cloud.google.com.yaml
NetAppBackupVault	netapp.cnrm.cloud.google.com	v1alpha1	absent-from-static-config	apiextensions.k8s.io_v1_customresourcedefinition_netappbackupvaults.netapp.cnrm.cloud.google.com.yaml
NetworkConnectivityInternalRange	networkconnectivity.cnrm.cloud.google.com	v1alpha1	direct-only	apiextensions.k8s.io_v1_customresourcedefinition_networkconnectivityinternalranges.networkconnectivity.cnrm.cloud.google.com.yaml
NetworkConnectivityMulticloudDataTransferConfig	networkconnectivity.cnrm.cloud.google.com	v1alpha1	absent-from-static-config	apiextensions.k8s.io_v1_customresourcedefinition_networkconnectivitymulticlouddatatransferconfigs.networkconnectivity.cnrm.cloud.google.com.yaml
NetworkConnectivityRegionalEndpoint	networkconnectivity.cnrm.cloud.google.com	v1alpha1	direct-only	apiextensions.k8s.io_v1_customresourcedefinition_networkconnectivityregionalendpoints.networkconnectivity.cnrm.cloud.google.com.yaml
NetworkConnectivityServiceConnectionPolicy	networkconnectivity.cnrm.cloud.google.com	v1alpha1	direct-only	apiextensions.k8s.io_v1_customresourcedefinition_networkconnectivityserviceconnectionpolicies.networkconnectivity.cnrm.cloud.google.com.yaml
NetworkManagementConnectivityTest	networkmanagement.cnrm.cloud.google.com	v1alpha1	direct-only	apiextensions.k8s.io_v1_customresourcedefinition_networkmanagementconnectivitytests.networkmanagement.cnrm.cloud.google.com.yaml
NetworkManagementVPCFlowLogsConfig	networkmanagement.cnrm.cloud.google.com	v1alpha1	direct-only	apiextensions.k8s.io_v1_customresourcedefinition_networkmanagementvpcflowlogsconfigs.networkmanagement.cnrm.cloud.google.com.yaml
NetworkSecurityAddressGroup	networksecurity.cnrm.cloud.google.com	v1alpha1	absent-from-static-config	apiextensions.k8s.io_v1_customresourcedefinition_networksecurityaddressgroups.networksecurity.cnrm.cloud.google.com.yaml
NetworkSecurityAuthzPolicy	networksecurity.cnrm.cloud.google.com	v1alpha1	direct-only	apiextensions.k8s.io_v1_customresourcedefinition_networksecurityauthzpolicies.networksecurity.cnrm.cloud.google.com.yaml
NetworkSecurityBackendAuthenticationConfig	networksecurity.cnrm.cloud.google.com	v1alpha1	direct-only	apiextensions.k8s.io_v1_customresourcedefinition_networksecuritybackendauthenticationconfigs.networksecurity.cnrm.cloud.google.com.yaml
NetworkSecurityDNSThreatDetector	networksecurity.cnrm.cloud.google.com	v1alpha1	direct-only	apiextensions.k8s.io_v1_customresourcedefinition_networksecuritydnsthreatdetectors.networksecurity.cnrm.cloud.google.com.yaml
NetworkSecurityFirewallEndpointAssociation	networksecurity.cnrm.cloud.google.com	v1alpha1	direct-only	apiextensions.k8s.io_v1_customresourcedefinition_networksecurityfirewallendpointassociations.networksecurity.cnrm.cloud.google.com.yaml
NetworkSecurityFirewallEndpoint	networksecurity.cnrm.cloud.google.com	v1alpha1	direct-only	apiextensions.k8s.io_v1_customresourcedefinition_networksecurityfirewallendpoints.networksecurity.cnrm.cloud.google.com.yaml
NetworkSecurityGatewaySecurityPolicy	networksecurity.cnrm.cloud.google.com	v1alpha1	direct-only	apiextensions.k8s.io_v1_customresourcedefinition_networksecuritygatewaysecuritypolicies.networksecurity.cnrm.cloud.google.com.yaml
NetworkSecurityInterceptDeployment	networksecurity.cnrm.cloud.google.com	v1alpha1	absent-from-static-config	apiextensions.k8s.io_v1_customresourcedefinition_networksecurityinterceptdeployments.networksecurity.cnrm.cloud.google.com.yaml
NetworkSecurityInterceptEndpointGroup	networksecurity.cnrm.cloud.google.com	v1alpha1	direct-only	apiextensions.k8s.io_v1_customresourcedefinition_networksecurityinterceptendpointgroups.networksecurity.cnrm.cloud.google.com.yaml
NetworkSecurityMirroringDeployment	networksecurity.cnrm.cloud.google.com	v1alpha1	direct-only	apiextensions.k8s.io_v1_customresourcedefinition_networksecuritymirroringdeployments.networksecurity.cnrm.cloud.google.com.yaml
NetworkSecurityMirroringEndpointGroup	networksecurity.cnrm.cloud.google.com	v1alpha1	direct-only	apiextensions.k8s.io_v1_customresourcedefinition_networksecuritymirroringendpointgroups.networksecurity.cnrm.cloud.google.com.yaml
NetworkSecurityPartnerSSEGateway	networksecurity.cnrm.cloud.google.com	v1alpha1	absent-from-static-config	apiextensions.k8s.io_v1_customresourcedefinition_networksecuritypartnerssegateways.networksecurity.cnrm.cloud.google.com.yaml
NetworkSecurityPartnerSSERealm	networksecurity.cnrm.cloud.google.com	v1alpha1	absent-from-static-config	apiextensions.k8s.io_v1_customresourcedefinition_networksecuritypartnersserealms.networksecurity.cnrm.cloud.google.com.yaml
NetworkSecuritySACRealm	networksecurity.cnrm.cloud.google.com	v1alpha1	direct-only	apiextensions.k8s.io_v1_customresourcedefinition_networksecuritysacrealms.networksecurity.cnrm.cloud.google.com.yaml
NetworkSecuritySecurityProfileGroup	networksecurity.cnrm.cloud.google.com	v1alpha1	direct-only	apiextensions.k8s.io_v1_customresourcedefinition_networksecuritysecurityprofilegroups.networksecurity.cnrm.cloud.google.com.yaml
NetworkSecuritySecurityProfile	networksecurity.cnrm.cloud.google.com	v1alpha1	direct-only	apiextensions.k8s.io_v1_customresourcedefinition_networksecuritysecurityprofiles.networksecurity.cnrm.cloud.google.com.yaml
NetworkSecurityTLSInspectionPolicy	networksecurity.cnrm.cloud.google.com	v1alpha1	direct-only	apiextensions.k8s.io_v1_customresourcedefinition_networksecuritytlsinspectionpolicies.networksecurity.cnrm.cloud.google.com.yaml
NetworkSecurityURLList	networksecurity.cnrm.cloud.google.com	v1alpha1	direct-only	apiextensions.k8s.io_v1_customresourcedefinition_networksecurityurllists.networksecurity.cnrm.cloud.google.com.yaml
NetworkServicesAuthzExtension	networkservices.cnrm.cloud.google.com	v1alpha1	direct-only	apiextensions.k8s.io_v1_customresourcedefinition_networkservicesauthzextensions.networkservices.cnrm.cloud.google.com.yaml
NetworkServicesLBRouteExtension	networkservices.cnrm.cloud.google.com	v1alpha1	direct-only	apiextensions.k8s.io_v1_customresourcedefinition_networkserviceslbrouteextensions.networkservices.cnrm.cloud.google.com.yaml
NetworkServicesServiceBinding	networkservices.cnrm.cloud.google.com	v1alpha1	direct-only	apiextensions.k8s.io_v1_customresourcedefinition_networkservicesservicebindings.networkservices.cnrm.cloud.google.com.yaml
NetworkServicesWasmPlugin	networkservices.cnrm.cloud.google.com	v1alpha1	direct-only	apiextensions.k8s.io_v1_customresourcedefinition_networkserviceswasmplugins.networkservices.cnrm.cloud.google.com.yaml
NotebookInstance	notebooks.cnrm.cloud.google.com	v1alpha1,v1beta1	direct-only	apiextensions.k8s.io_v1_customresourcedefinition_notebookinstances.notebooks.cnrm.cloud.google.com.yaml
NotebookInstanceV2	notebooks.cnrm.cloud.google.com	v1alpha1	direct-only	apiextensions.k8s.io_v1_customresourcedefinition_notebookinstancev2s.notebooks.cnrm.cloud.google.com.yaml
NotebooksEnvironment	notebooks.cnrm.cloud.google.com	v1alpha1	direct-only	apiextensions.k8s.io_v1_customresourcedefinition_notebooksenvironments.notebooks.cnrm.cloud.google.com.yaml
NotebooksExecution	notebooks.cnrm.cloud.google.com	v1alpha1	direct-only	apiextensions.k8s.io_v1_customresourcedefinition_notebooksexecutions.notebooks.cnrm.cloud.google.com.yaml
NotebooksSchedule	notebooks.cnrm.cloud.google.com	v1alpha1	direct-only	apiextensions.k8s.io_v1_customresourcedefinition_notebooksschedules.notebooks.cnrm.cloud.google.com.yaml
OrgPolicyCustomConstraint	orgpolicy.cnrm.cloud.google.com	v1alpha1,v1beta1	direct-only	apiextensions.k8s.io_v1_customresourcedefinition_orgpolicycustomconstraints.orgpolicy.cnrm.cloud.google.com.yaml
OrgPolicyPolicy	orgpolicy.cnrm.cloud.google.com	v1alpha1,v1beta1	direct-only	apiextensions.k8s.io_v1_customresourcedefinition_orgpolicypolicies.orgpolicy.cnrm.cloud.google.com.yaml
ParameterManagerParameter	parametermanager.cnrm.cloud.google.com	v1alpha1	direct-only	apiextensions.k8s.io_v1_customresourcedefinition_parametermanagerparameters.parametermanager.cnrm.cloud.google.com.yaml
ParameterManagerParameterVersion	parametermanager.cnrm.cloud.google.com	v1alpha1	direct-only	apiextensions.k8s.io_v1_customresourcedefinition_parametermanagerparameterversions.parametermanager.cnrm.cloud.google.com.yaml
PrivilegedAccessManagerEntitlement	privilegedaccessmanager.cnrm.cloud.google.com	v1alpha1,v1beta1	direct-only	apiextensions.k8s.io_v1_customresourcedefinition_privilegedaccessmanagerentitlements.privilegedaccessmanager.cnrm.cloud.google.com.yaml
PubSubSnapshot	pubsub.cnrm.cloud.google.com	v1alpha1,v1beta1	direct-only	apiextensions.k8s.io_v1_customresourcedefinition_pubsubsnapshots.pubsub.cnrm.cloud.google.com.yaml
RapidMigrationAssessmentCollector	rapidmigrationassessment.cnrm.cloud.google.com	v1alpha1	direct-only	apiextensions.k8s.io_v1_customresourcedefinition_rapidmigrationassessmentcollectors.rapidmigrationassessment.cnrm.cloud.google.com.yaml
ReCAPTCHAEnterpriseFirewallPolicy	recaptchaenterprise.cnrm.cloud.google.com	v1alpha1	direct-only	apiextensions.k8s.io_v1_customresourcedefinition_recaptchaenterprisefirewallpolicies.recaptchaenterprise.cnrm.cloud.google.com.yaml
RedisClusterEndpoint	redis.cnrm.cloud.google.com	v1alpha1	absent-from-static-config	apiextensions.k8s.io_v1_customresourcedefinition_redisclusterendpoints.redis.cnrm.cloud.google.com.yaml
RedisCluster	redis.cnrm.cloud.google.com	v1alpha1,v1beta1	direct-only	apiextensions.k8s.io_v1_customresourcedefinition_redisclusters.redis.cnrm.cloud.google.com.yaml
RunWorkerPool	run.cnrm.cloud.google.com	v1alpha1	absent-from-static-config	apiextensions.k8s.io_v1_customresourcedefinition_runworkerpools.run.cnrm.cloud.google.com.yaml
SaasServiceMgmtRelease	saasservicemgmt.cnrm.cloud.google.com	v1alpha1	direct-only	apiextensions.k8s.io_v1_customresourcedefinition_saasservicemgmtreleases.saasservicemgmt.cnrm.cloud.google.com.yaml
SecureSourceManagerInstance	securesourcemanager.cnrm.cloud.google.com	v1alpha1,v1beta1	direct-only	apiextensions.k8s.io_v1_customresourcedefinition_securesourcemanagerinstances.securesourcemanager.cnrm.cloud.google.com.yaml
SecureSourceManagerRepository	securesourcemanager.cnrm.cloud.google.com	v1alpha1,v1beta1	direct-only	apiextensions.k8s.io_v1_customresourcedefinition_securesourcemanagerrepositories.securesourcemanager.cnrm.cloud.google.com.yaml
SecurityCenterBigQueryExport	securitycenter.cnrm.cloud.google.com	v1alpha1	direct-only	apiextensions.k8s.io_v1_customresourcedefinition_securitycenterbigqueryexports.securitycenter.cnrm.cloud.google.com.yaml
SecurityCenterManagementEventThreatDetectionCustomModule	securitycentermanagement.cnrm.cloud.google.com	v1alpha1	direct-only	apiextensions.k8s.io_v1_customresourcedefinition_securitycentermanagementeventthreatdetectioncustommodules.securitycentermanagement.cnrm.cloud.google.com.yaml
SecurityCenterMuteConfig	securitycenter.cnrm.cloud.google.com	v1alpha1	direct-only	apiextensions.k8s.io_v1_customresourcedefinition_securitycentermuteconfigs.securitycenter.cnrm.cloud.google.com.yaml
ServiceNetworkingPeeredDNSDomain	servicenetworking.cnrm.cloud.google.com	v1alpha1	direct-only	apiextensions.k8s.io_v1_customresourcedefinition_servicenetworkingpeereddnsdomains.servicenetworking.cnrm.cloud.google.com.yaml
SpannerBackupSchedule	spanner.cnrm.cloud.google.com	v1alpha1,v1beta1	direct-only	apiextensions.k8s.io_v1_customresourcedefinition_spannerbackupschedules.spanner.cnrm.cloud.google.com.yaml
SpannerInstanceConfig	spanner.cnrm.cloud.google.com	v1alpha1	direct-only	apiextensions.k8s.io_v1_customresourcedefinition_spannerinstanceconfigs.spanner.cnrm.cloud.google.com.yaml
SpeechCustomClass	speech.cnrm.cloud.google.com	v1alpha1,v1beta1	direct-only	apiextensions.k8s.io_v1_customresourcedefinition_speechcustomclasses.speech.cnrm.cloud.google.com.yaml
SpeechPhraseSet	speech.cnrm.cloud.google.com	v1alpha1,v1beta1	direct-only	apiextensions.k8s.io_v1_customresourcedefinition_speechphrasesets.speech.cnrm.cloud.google.com.yaml
SpeechRecognizer	speech.cnrm.cloud.google.com	v1alpha1,v1beta1	direct-only	apiextensions.k8s.io_v1_customresourcedefinition_speechrecognizers.speech.cnrm.cloud.google.com.yaml
SQLAdminBackup	sqladmin.cnrm.cloud.google.com	v1alpha1	absent-from-static-config	apiextensions.k8s.io_v1_customresourcedefinition_sqladminbackups.sqladmin.cnrm.cloud.google.com.yaml
StorageAnywhereCache	storage.cnrm.cloud.google.com	v1alpha1,v1beta1	direct-only	apiextensions.k8s.io_v1_customresourcedefinition_storageanywherecaches.storage.cnrm.cloud.google.com.yaml
StorageFolder	storage.cnrm.cloud.google.com	v1alpha1	direct-only	apiextensions.k8s.io_v1_customresourcedefinition_storagefolders.storage.cnrm.cloud.google.com.yaml
StorageInsightsDatasetConfig	storageinsights.cnrm.cloud.google.com	v1alpha1	direct-only	apiextensions.k8s.io_v1_customresourcedefinition_storageinsightsdatasetconfigs.storageinsights.cnrm.cloud.google.com.yaml
StorageManagedFolder	storage.cnrm.cloud.google.com	v1alpha1	direct-only	apiextensions.k8s.io_v1_customresourcedefinition_storagemanagedfolders.storage.cnrm.cloud.google.com.yaml
TasksQueue	cloudtasks.cnrm.cloud.google.com	v1alpha1	direct-only	apiextensions.k8s.io_v1_customresourcedefinition_tasksqueues.cloudtasks.cnrm.cloud.google.com.yaml
TestingDeviceSession	testing.cnrm.cloud.google.com	v1alpha1	absent-from-static-config	apiextensions.k8s.io_v1_customresourcedefinition_testingdevicesessions.testing.cnrm.cloud.google.com.yaml
TPUVirtualMachine	tpu.cnrm.cloud.google.com	v1alpha1	absent-from-static-config	apiextensions.k8s.io_v1_customresourcedefinition_tpuvirtualmachines.tpu.cnrm.cloud.google.com.yaml
TranscoderJob	transcoder.cnrm.cloud.google.com	v1alpha1	absent-from-static-config	apiextensions.k8s.io_v1_customresourcedefinition_transcoderjobs.transcoder.cnrm.cloud.google.com.yaml
TranslateAdaptiveMtDataset	translate.cnrm.cloud.google.com	v1alpha1	absent-from-static-config	apiextensions.k8s.io_v1_customresourcedefinition_translateadaptivemtdatasets.translate.cnrm.cloud.google.com.yaml
VectorSearchCollection	vectorsearch.cnrm.cloud.google.com	v1alpha1	direct-only	apiextensions.k8s.io_v1_customresourcedefinition_vectorsearchcollections.vectorsearch.cnrm.cloud.google.com.yaml
VertexAICustomJob	vertexai.cnrm.cloud.google.com	v1alpha1	absent-from-static-config	apiextensions.k8s.io_v1_customresourcedefinition_vertexaicustomjobs.vertexai.cnrm.cloud.google.com.yaml
VertexAIDataLabelingJob	vertexai.cnrm.cloud.google.com	v1alpha1	absent-from-static-config	apiextensions.k8s.io_v1_customresourcedefinition_vertexaidatalabelingjobs.vertexai.cnrm.cloud.google.com.yaml
VertexAIDeploymentResourcePool	vertexai.cnrm.cloud.google.com	v1alpha1	direct-only	apiextensions.k8s.io_v1_customresourcedefinition_vertexaideploymentresourcepools.vertexai.cnrm.cloud.google.com.yaml
VertexAIExampleStore	vertexai.cnrm.cloud.google.com	v1alpha1	direct-only	apiextensions.k8s.io_v1_customresourcedefinition_vertexaiexamplestores.vertexai.cnrm.cloud.google.com.yaml
VertexAIExtension	aiplatform.cnrm.cloud.google.com	v1alpha1	absent-from-static-config	apiextensions.k8s.io_v1_customresourcedefinition_vertexaiextensions.aiplatform.cnrm.cloud.google.com.yaml
VertexAIFeatureGroup	vertexai.cnrm.cloud.google.com	v1alpha1	direct-only	apiextensions.k8s.io_v1_customresourcedefinition_vertexaifeaturegroups.vertexai.cnrm.cloud.google.com.yaml
VertexAIFeatureOnlineStore	aiplatform.cnrm.cloud.google.com	v1alpha1	direct-only	apiextensions.k8s.io_v1_customresourcedefinition_vertexaifeatureonlinestores.aiplatform.cnrm.cloud.google.com.yaml
VertexAIFeaturestore	vertexai.cnrm.cloud.google.com	v1alpha1	direct-only	apiextensions.k8s.io_v1_customresourcedefinition_vertexaifeaturestores.vertexai.cnrm.cloud.google.com.yaml
VertexAIMetadataStore	vertexai.cnrm.cloud.google.com	v1alpha1,v1beta1	direct-only	apiextensions.k8s.io_v1_customresourcedefinition_vertexaimetadatastores.vertexai.cnrm.cloud.google.com.yaml
VertexAIPipelineJob	aiplatform.cnrm.cloud.google.com	v1alpha1	direct-only	apiextensions.k8s.io_v1_customresourcedefinition_vertexaipipelinejobs.aiplatform.cnrm.cloud.google.com.yaml
VertexAISchedule	aiplatform.cnrm.cloud.google.com	v1alpha1	absent-from-static-config	apiextensions.k8s.io_v1_customresourcedefinition_vertexaischedules.aiplatform.cnrm.cloud.google.com.yaml
VertexAISpecialistPool	aiplatform.cnrm.cloud.google.com	v1alpha1	absent-from-static-config	apiextensions.k8s.io_v1_customresourcedefinition_vertexaispecialistpools.aiplatform.cnrm.cloud.google.com.yaml
VertexAIStudy	aiplatform.cnrm.cloud.google.com	v1alpha1	absent-from-static-config	apiextensions.k8s.io_v1_customresourcedefinition_vertexaistudies.aiplatform.cnrm.cloud.google.com.yaml
VertexAITensorboardExperiment	vertexai.cnrm.cloud.google.com	v1alpha1	direct-only	apiextensions.k8s.io_v1_customresourcedefinition_vertexaitensorboardexperiments.vertexai.cnrm.cloud.google.com.yaml
VertexAITrainingPipeline	aiplatform.cnrm.cloud.google.com	v1alpha1	direct-only	apiextensions.k8s.io_v1_customresourcedefinition_vertexaitrainingpipelines.aiplatform.cnrm.cloud.google.com.yaml
VertexAITuningJob	aiplatform.cnrm.cloud.google.com	v1alpha1	absent-from-static-config	apiextensions.k8s.io_v1_customresourcedefinition_vertexaituningjobs.aiplatform.cnrm.cloud.google.com.yaml
VideoStitcherCDNKey	videostitcher.cnrm.cloud.google.com	v1alpha1	direct-only	apiextensions.k8s.io_v1_customresourcedefinition_videostitchercdnkeys.videostitcher.cnrm.cloud.google.com.yaml
VisionAIApplication	visionai.cnrm.cloud.google.com	v1alpha1	absent-from-static-config	apiextensions.k8s.io_v1_customresourcedefinition_visionaiapplications.visionai.cnrm.cloud.google.com.yaml
VisionProduct	vision.cnrm.cloud.google.com	v1alpha1	direct-only	apiextensions.k8s.io_v1_customresourcedefinition_visionproducts.vision.cnrm.cloud.google.com.yaml
VMwareEngineExternalAccessRule	vmwareengine.cnrm.cloud.google.com	v1alpha1	direct-only	apiextensions.k8s.io_v1_customresourcedefinition_vmwareengineexternalaccessrules.vmwareengine.cnrm.cloud.google.com.yaml
VMwareEngineExternalAddress	vmwareengine.cnrm.cloud.google.com	v1alpha1,v1beta1	direct-only	apiextensions.k8s.io_v1_customresourcedefinition_vmwareengineexternaladdresses.vmwareengine.cnrm.cloud.google.com.yaml
VMwareEngineNetworkPeering	vmwareengine.cnrm.cloud.google.com	v1alpha1	direct-only	apiextensions.k8s.io_v1_customresourcedefinition_vmwareenginenetworkpeerings.vmwareengine.cnrm.cloud.google.com.yaml
VMwareEngineNetworkPolicy	vmwareengine.cnrm.cloud.google.com	v1alpha1	direct-only	apiextensions.k8s.io_v1_customresourcedefinition_vmwareenginenetworkpolicies.vmwareengine.cnrm.cloud.google.com.yaml
VMwareEngineNetwork	vmwareengine.cnrm.cloud.google.com	v1alpha1	direct-only	apiextensions.k8s.io_v1_customresourcedefinition_vmwareenginenetworks.vmwareengine.cnrm.cloud.google.com.yaml
VMwareEnginePrivateCloud	vmwareengine.cnrm.cloud.google.com	v1alpha1	direct-only	apiextensions.k8s.io_v1_customresourcedefinition_vmwareengineprivateclouds.vmwareengine.cnrm.cloud.google.com.yaml
VMwareEnginePrivateConnection	vmwareengine.cnrm.cloud.google.com	v1alpha1	direct-only	apiextensions.k8s.io_v1_customresourcedefinition_vmwareengineprivateconnections.vmwareengine.cnrm.cloud.google.com.yaml
WorkflowsExecution	workflowexecutions.cnrm.cloud.google.com	v1alpha1	direct-only	apiextensions.k8s.io_v1_customresourcedefinition_workflowsexecutions.workflowexecutions.cnrm.cloud.google.com.yaml
WorkflowsWorkflow	workflows.cnrm.cloud.google.com	v1alpha1	direct-only	apiextensions.k8s.io_v1_customresourcedefinition_workflowsworkflows.workflows.cnrm.cloud.google.com.yaml
WorkloadManagerEvaluation	workloadmanager.cnrm.cloud.google.com	v1alpha1	direct-only	apiextensions.k8s.io_v1_customresourcedefinition_workloadmanagerevaluations.workloadmanager.cnrm.cloud.google.com.yaml
WorkstationCluster	workstations.cnrm.cloud.google.com	v1alpha1,v1beta1	direct-only	apiextensions.k8s.io_v1_customresourcedefinition_workstationclusters.workstations.cnrm.cloud.google.com.yaml
WorkstationConfig	workstations.cnrm.cloud.google.com	v1alpha1,v1beta1	direct-only	apiextensions.k8s.io_v1_customresourcedefinition_workstationconfigs.workstations.cnrm.cloud.google.com.yaml
Workstation	workstations.cnrm.cloud.google.com	v1alpha1,v1beta1	direct-only	apiextensions.k8s.io_v1_customresourcedefinition_workstations.workstations.cnrm.cloud.google.com.yaml