AIPlatformModel	aiplatform	apis/aiplatform/v1alpha1/aiplatformmodel_types.go	config/crds/resources/apiextensions.k8s.io_v1_customresourcedefinition_aiplatformmodels.aiplatform.cnrm.cloud.google.com.yaml
AnalyticsAccount	analytics	apis/analytics/v1alpha1/analyticsaccount_types.go	config/crds/resources/apiextensions.k8s.io_v1_customresourcedefinition_analyticsaccounts.analytics.cnrm.cloud.google.com.yaml
ApigeeRegistryAPI	apigeeregistry	apis/apigeeregistry/v1alpha1/apigeeregistryapi_types.go	config/crds/resources/apiextensions.k8s.io_v1_customresourcedefinition_apigeeregistryapis.apigeeregistry.cnrm.cloud.google.com.yaml
ApigeeRegistryInstance	apigeeregistry	apis/apigeeregistry/v1alpha1/apigeeregistryinstance_types.go	config/crds/resources/apiextensions.k8s.io_v1_customresourcedefinition_apigeeregistryinstances.apigeeregistry.cnrm.cloud.google.com.yaml
APIHubAPI	apihub	apis/apihub/v1alpha1/apihubapi_types.go	config/crds/resources/apiextensions.k8s.io_v1_customresourcedefinition_apihubapis.apihub.cnrm.cloud.google.com.yaml
APIHubDeployment	apihub	apis/apihub/v1alpha1/apihubdeployment_types.go	config/crds/resources/apiextensions.k8s.io_v1_customresourcedefinition_apihubdeployments.apihub.cnrm.cloud.google.com.yaml
APIHubExternalAPI	apihub	apis/apihub/v1alpha1/apihubexternalapi_types.go	config/crds/resources/apiextensions.k8s.io_v1_customresourcedefinition_apihubexternalapis.apihub.cnrm.cloud.google.com.yaml
APIHubInstance	apihub	apis/apihub/v1alpha1/apihubinstance_types.go	config/crds/resources/apiextensions.k8s.io_v1_customresourcedefinition_apihubinstances.apihub.cnrm.cloud.google.com.yaml
APIHubPlugin	apihub	apis/apihub/v1alpha1/apihubplugin_types.go	config/crds/resources/apiextensions.k8s.io_v1_customresourcedefinition_apihubplugins.apihub.cnrm.cloud.google.com.yaml
APIHubRuntimeProjectAttachment	apihub	apis/apihub/v1alpha1/apihubruntimeprojectattachment_types.go	config/crds/resources/apiextensions.k8s.io_v1_customresourcedefinition_apihubruntimeprojectattachments.apihub.cnrm.cloud.google.com.yaml
AppHubDiscoveredService	apphub	apis/apphub/v1alpha1/apphubdiscoveredservice_types.go	config/crds/resources/apiextensions.k8s.io_v1_customresourcedefinition_apphubdiscoveredservices.apphub.cnrm.cloud.google.com.yaml
AppHubDiscoveredWorkload	apphub	apis/apphub/v1alpha1/apphubdiscoveredworkload_types.go	config/crds/resources/apiextensions.k8s.io_v1_customresourcedefinition_apphubdiscoveredworkloads.apphub.cnrm.cloud.google.com.yaml
AppHubServiceProjectAttachment	apphub	apis/apphub/v1alpha1/apphubserviceprojectattachment_types.go	config/crds/resources/apiextensions.k8s.io_v1_customresourcedefinition_apphubserviceprojectattachments.apphub.cnrm.cloud.google.com.yaml
AppOptimizeReport	appoptimize	apis/appoptimize/v1alpha1/appoptimizereport_types.go	config/crds/resources/apiextensions.k8s.io_v1_customresourcedefinition_appoptimizereports.appoptimize.cnrm.cloud.google.com.yaml
AssuredWorkloadsWorkload	assuredworkloads	apis/assuredworkloads/v1alpha1/assuredworkloadsworkload_types.go	config/crds/resources/apiextensions.k8s.io_v1_customresourcedefinition_assuredworkloadsworkloads.assuredworkloads.cnrm.cloud.google.com.yaml
AutoMLDataset	automl	apis/automl/v1alpha1/automldataset_types.go	config/crds/resources/apiextensions.k8s.io_v1_customresourcedefinition_automldatasets.automl.cnrm.cloud.google.com.yaml
BackupDRManagementServer	backupdr	apis/backupdr/v1alpha1/backupdrmanagementserver_types.go	config/crds/resources/apiextensions.k8s.io_v1_customresourcedefinition_backupdrmanagementservers.backupdr.cnrm.cloud.google.com.yaml
BatchJob	batch	apis/batch/v1alpha1/batchjob_types.go	config/crds/resources/apiextensions.k8s.io_v1_customresourcedefinition_batchjobs.batch.cnrm.cloud.google.com.yaml
BatchTask	batch	apis/batch/v1alpha1/batchtask_types.go	config/crds/resources/apiextensions.k8s.io_v1_customresourcedefinition_batchtasks.batch.cnrm.cloud.google.com.yaml
BeyondCorpClientConnectorService	beyondcorp	apis/beyondcorp/v1alpha1/beyondcorpclientconnectorservice_types.go	config/crds/resources/apiextensions.k8s.io_v1_customresourcedefinition_beyondcorpclientconnectorservices.beyondcorp.cnrm.cloud.google.com.yaml
BeyondCorpClientGateway	beyondcorp	apis/beyondcorp/v1alpha1/beyondcorpclientgateway_types.go	config/crds/resources/apiextensions.k8s.io_v1_customresourcedefinition_beyondcorpclientgateways.beyondcorp.cnrm.cloud.google.com.yaml
BigLakeCatalog	bigquerybiglake	apis/bigquerybiglake/v1alpha1/biglakecatalog_types.go	config/crds/resources/apiextensions.k8s.io_v1_customresourcedefinition_biglakecatalogs.bigquerybiglake.cnrm.cloud.google.com.yaml
BigLakeDatabase	bigquerybiglake	apis/bigquerybiglake/v1alpha1/biglakedatabase_types.go	config/crds/resources/apiextensions.k8s.io_v1_customresourcedefinition_biglakedatabases.bigquerybiglake.cnrm.cloud.google.com.yaml
BigQueryDataPolicy	bigquerydatapolicy	apis/bigquerydatapolicy/v1alpha1/bigquerydatapolicy_types.go	config/crds/resources/apiextensions.k8s.io_v1_customresourcedefinition_bigquerydatapolicies.bigquerydatapolicy.cnrm.cloud.google.com.yaml
BigQueryMigrationMigrationWorkflow	bigquerymigration	apis/bigquerymigration/v1alpha1/bigquerymigrationmigrationworkflow_types.go	config/crds/resources/apiextensions.k8s.io_v1_customresourcedefinition_bigquerymigrationmigrationworkflows.bigquerymigration.cnrm.cloud.google.com.yaml
BigtableAuthorizedView	bigtable	apis/bigtable/v1alpha1/bigtableauthorizedview_types.go	config/crds/resources/apiextensions.k8s.io_v1_customresourcedefinition_bigtableauthorizedviews.bigtable.cnrm.cloud.google.com.yaml
BigtableBackup	bigtable	apis/bigtable/v1alpha1/bigtablebackup_types.go	config/crds/resources/apiextensions.k8s.io_v1_customresourcedefinition_bigtablebackups.bigtable.cnrm.cloud.google.com.yaml
BigtableCluster	bigtable	apis/bigtable/v1alpha1/bigtablecluster_types.go	config/crds/resources/apiextensions.k8s.io_v1_customresourcedefinition_bigtableclusters.bigtable.cnrm.cloud.google.com.yaml
BigtableLogicalView	bigtable	apis/bigtable/v1alpha1/bigtablelogicalview_types.go	config/crds/resources/apiextensions.k8s.io_v1_customresourcedefinition_bigtablelogicalviews.bigtable.cnrm.cloud.google.com.yaml
BigtableMaterializedView	bigtable	apis/bigtable/v1alpha1/bigtablematerializedview_types.go	config/crds/resources/apiextensions.k8s.io_v1_customresourcedefinition_bigtablematerializedviews.bigtable.cnrm.cloud.google.com.yaml
BillingAccount	billing	apis/billing/v1alpha1/billingaccount_types.go	config/crds/resources/apiextensions.k8s.io_v1_customresourcedefinition_billingaccounts.billing.cnrm.cloud.google.com.yaml
BlockchainNodeEngineBlockchainNode	blockchainnodeengine	apis/blockchainnodeengine/v1alpha1/blockchainnodeengineblockchainnode_types.go	config/crds/resources/apiextensions.k8s.io_v1_customresourcedefinition_blockchainnodeengineblockchainnodes.blockchainnodeengine.cnrm.cloud.google.com.yaml
CCInsightsConversation	contactcenterinsights	apis/contactcenterinsights/v1alpha1/ccinsightsconversation_types.go	config/crds/resources/apiextensions.k8s.io_v1_customresourcedefinition_ccinsightsconversations.contactcenterinsights.cnrm.cloud.google.com.yaml
CCInsightsIssueModel	contactcenterinsights	apis/contactcenterinsights/v1alpha1/ccinsightsissuemodel_types.go	config/crds/resources/apiextensions.k8s.io_v1_customresourcedefinition_ccinsightsissuemodels.contactcenterinsights.cnrm.cloud.google.com.yaml
CCInsightsPhraseMatcher	contactcenterinsights	apis/contactcenterinsights/v1alpha1/ccinsightsphrasematcher_types.go	config/crds/resources/apiextensions.k8s.io_v1_customresourcedefinition_ccinsightsphrasematchers.contactcenterinsights.cnrm.cloud.google.com.yaml
CCInsightsQAScorecard	contactcenterinsights	apis/contactcenterinsights/v1alpha1/ccinsightsqascorecard_types.go	config/crds/resources/apiextensions.k8s.io_v1_customresourcedefinition_ccinsightsqascorecards.contactcenterinsights.cnrm.cloud.google.com.yaml
CCInsightsView	contactcenterinsights	apis/contactcenterinsights/v1alpha1/ccinsightsview_types.go	config/crds/resources/apiextensions.k8s.io_v1_customresourcedefinition_ccinsightsviews.contactcenterinsights.cnrm.cloud.google.com.yaml
CertificateManagerCertificateIssuanceConfig	certificatemanager	apis/certificatemanager/v1alpha1/certificatemanagercertificateissuanceconfig_types.go	config/crds/resources/apiextensions.k8s.io_v1_customresourcedefinition_certificatemanagercertificateissuanceconfigs.certificatemanager.cnrm.cloud.google.com.yaml
CertificateManagerTrustConfig	certificatemanager	apis/certificatemanager/v1alpha1/certificatemanagertrustconfig_types.go	config/crds/resources/apiextensions.k8s.io_v1_customresourcedefinition_certificatemanagertrustconfigs.certificatemanager.cnrm.cloud.google.com.yaml
CESApp	ces	apis/ces/v1alpha1/cesapp_types.go	config/crds/resources/apiextensions.k8s.io_v1_customresourcedefinition_cesapps.ces.cnrm.cloud.google.com.yaml
CloudBatchResourceAllowance	batch	apis/batch/v1alpha1/cloudbatchresourceallowance_types.go	config/crds/resources/apiextensions.k8s.io_v1_customresourcedefinition_cloudbatchresourceallowances.batch.cnrm.cloud.google.com.yaml
CloudBuildConnection	cloudbuild	apis/cloudbuild/v1alpha1/cloudbuildconnection_types.go	config/crds/resources/apiextensions.k8s.io_v1_customresourcedefinition_cloudbuildconnections.cloudbuild.cnrm.cloud.google.com.yaml
CloudDeployAutomation	clouddeploy	apis/clouddeploy/v1alpha1/clouddeployautomation_types.go	config/crds/resources/apiextensions.k8s.io_v1_customresourcedefinition_clouddeployautomations.clouddeploy.cnrm.cloud.google.com.yaml
CloudDeployCustomTargetType	clouddeploy	apis/clouddeploy/v1alpha1/clouddeploycustomtargettype_types.go	config/crds/resources/apiextensions.k8s.io_v1_customresourcedefinition_clouddeploycustomtargettypes.clouddeploy.cnrm.cloud.google.com.yaml
CloudDeployDeployPolicy	clouddeploy	apis/clouddeploy/v1alpha1/clouddeploydeploypolicy_types.go	config/crds/resources/apiextensions.k8s.io_v1_customresourcedefinition_clouddeploydeploypolicies.clouddeploy.cnrm.cloud.google.com.yaml
CloudDeployTarget	clouddeploy	apis/clouddeploy/v1alpha1/clouddeploytarget_types.go	config/crds/resources/apiextensions.k8s.io_v1_customresourcedefinition_clouddeploytargets.clouddeploy.cnrm.cloud.google.com.yaml
CloudDMSConversionWorkspace	clouddms	apis/clouddms/v1alpha1/clouddmsconversionworkspace_types.go	config/crds/resources/apiextensions.k8s.io_v1_customresourcedefinition_clouddmsconversionworkspaces.clouddms.cnrm.cloud.google.com.yaml
CloudDMSMigrationJob	clouddms	apis/clouddms/v1alpha1/clouddmsmigrationjob_types.go	config/crds/resources/apiextensions.k8s.io_v1_customresourcedefinition_clouddmsmigrationjobs.clouddms.cnrm.cloud.google.com.yaml
CloudDMSPrivateConnection	clouddms	apis/clouddms/v1alpha1/clouddmsprivateconnection_types.go	config/crds/resources/apiextensions.k8s.io_v1_customresourcedefinition_clouddmsprivateconnections.clouddms.cnrm.cloud.google.com.yaml
CloudSecurityComplianceCloudControl	cloudsecuritycompliance	apis/cloudsecuritycompliance/v1alpha1/cloudsecuritycompliancecloudcontrol_types.go	config/crds/resources/apiextensions.k8s.io_v1_customresourcedefinition_cloudsecuritycompliancecloudcontrols.cloudsecuritycompliance.cnrm.cloud.google.com.yaml
CloudSecurityComplianceFramework	cloudsecuritycompliance	apis/cloudsecuritycompliance/v1alpha1/cloudsecuritycomplianceframework_types.go	config/crds/resources/apiextensions.k8s.io_v1_customresourcedefinition_cloudsecuritycomplianceframeworks.cloudsecuritycompliance.cnrm.cloud.google.com.yaml
CloudSecurityFramework	cloudsecuritycompliance	apis/cloudsecuritycompliance/v1alpha1/cloudsecurityframework_types.go	config/crds/resources/apiextensions.k8s.io_v1_customresourcedefinition_cloudsecurityframeworks.cloudsecuritycompliance.cnrm.cloud.google.com.yaml
CloudTalentSolutionCompany	cloudtalentsolution	apis/cloudtalentsolution/v1alpha1/cloudtalentsolutioncompany_types.go	config/crds/resources/apiextensions.k8s.io_v1_customresourcedefinition_cloudtalentsolutioncompanies.cloudtalentsolution.cnrm.cloud.google.com.yaml
ComputeFutureReservation	compute	apis/compute/v1alpha1/computefuturereservation_types.go	config/crds/resources/apiextensions.k8s.io_v1_customresourcedefinition_computefuturereservations.compute.cnrm.cloud.google.com.yaml
ComputeInterconnect	compute	apis/compute/v1alpha1/computeinterconnect_types.go	config/crds/resources/apiextensions.k8s.io_v1_customresourcedefinition_computeinterconnects.compute.cnrm.cloud.google.com.yaml
ComputeNetworkAttachment	compute	apis/compute/v1alpha1/computenetworkattachment_types.go	config/crds/resources/apiextensions.k8s.io_v1_customresourcedefinition_computenetworkattachments.compute.cnrm.cloud.google.com.yaml
ComputeNetworkEdgeSecurityService	compute	apis/compute/v1alpha1/computenetworkedgesecurityservice_types.go	config/crds/resources/apiextensions.k8s.io_v1_customresourcedefinition_computenetworkedgesecurityservices.compute.cnrm.cloud.google.com.yaml
ConfigDeliveryFleetPackage	configdelivery	apis/configdelivery/v1alpha1/configdeliveryfleetpackage_types.go	config/crds/resources/apiextensions.k8s.io_v1_customresourcedefinition_configdeliveryfleetpackages.configdelivery.cnrm.cloud.google.com.yaml
ConfigDeliveryResourceBundle	configdelivery	apis/configdelivery/v1alpha1/configdeliveryresourcebundle_types.go	config/crds/resources/apiextensions.k8s.io_v1_customresourcedefinition_configdeliveryresourcebundles.configdelivery.cnrm.cloud.google.com.yaml
ConfigDeploymentGroup	configdeployment	apis/configdeployment/v1alpha1/configdeploymentgroup_types.go	config/crds/resources/apiextensions.k8s.io_v1_customresourcedefinition_configdeploymentgroups.configdeployment.cnrm.cloud.google.com.yaml
ConnectorsConnection	connectors	apis/connectors/v1alpha1/connectorsconnection_types.go	config/crds/resources/apiextensions.k8s.io_v1_customresourcedefinition_connectorsconnections.connectors.cnrm.cloud.google.com.yaml
ContentWarehouseDocument	contentwarehouse	apis/contentwarehouse/v1alpha1/contentwarehousedocument_types.go	config/crds/resources/apiextensions.k8s.io_v1_customresourcedefinition_contentwarehousedocuments.contentwarehouse.cnrm.cloud.google.com.yaml
ContentWarehouseRuleSet	contentwarehouse	apis/contentwarehouse/v1alpha1/contentwarehouseruleset_types.go	config/crds/resources/apiextensions.k8s.io_v1_customresourcedefinition_contentwarehouserulesets.contentwarehouse.cnrm.cloud.google.com.yaml
ContentWarehouseSchema	contentwarehouse	apis/contentwarehouse/v1alpha1/contentwarehouseschema_types.go	config/crds/resources/apiextensions.k8s.io_v1_customresourcedefinition_contentwarehouseschemas.contentwarehouse.cnrm.cloud.google.com.yaml
ContentWarehouseSynonymSet	contentwarehouse	apis/contentwarehouse/v1alpha1/contentwarehousesynonymset_types.go	config/crds/resources/apiextensions.k8s.io_v1_customresourcedefinition_contentwarehousesynonymsets.contentwarehouse.cnrm.cloud.google.com.yaml
DatabaseMigrationConversionWorkspace	datamigration	apis/datamigration/v1alpha1/databasemigrationconversionworkspace_types.go	config/crds/resources/apiextensions.k8s.io_v1_customresourcedefinition_databasemigrationconversionworkspaces.datamigration.cnrm.cloud.google.com.yaml
DatabaseMigrationMigrationJob	datamigration	apis/datamigration/v1alpha1/databasemigrationmigrationjob_types.go	config/crds/resources/apiextensions.k8s.io_v1_customresourcedefinition_databasemigrationmigrationjobs.datamigration.cnrm.cloud.google.com.yaml
DatabaseMigrationPrivateConnection	datamigration	apis/datamigration/v1alpha1/databasemigrationprivateconnection_types.go	config/crds/resources/apiextensions.k8s.io_v1_customresourcedefinition_databasemigrationprivateconnections.datamigration.cnrm.cloud.google.com.yaml
DataCatalogEntry	datacatalog	apis/datacatalog/v1alpha1/datacatalogentry_types.go	config/crds/resources/apiextensions.k8s.io_v1_customresourcedefinition_datacatalogentries.datacatalog.cnrm.cloud.google.com.yaml
DataCatalogEntryGroup	datacatalog	apis/datacatalog/v1alpha1/datacatalogentrygroup_types.go	config/crds/resources/apiextensions.k8s.io_v1_customresourcedefinition_datacatalogentrygroups.datacatalog.cnrm.cloud.google.com.yaml
DataCatalogTag	datacatalog	apis/datacatalog/v1alpha1/datacatalogtag_types.go	config/crds/resources/apiextensions.k8s.io_v1_customresourcedefinition_datacatalogtags.datacatalog.cnrm.cloud.google.com.yaml
DataCatalogTagTemplate	datacatalog	apis/datacatalog/v1alpha1/datacatalogtagtemplate_types.go	config/crds/resources/apiextensions.k8s.io_v1_customresourcedefinition_datacatalogtagtemplates.datacatalog.cnrm.cloud.google.com.yaml
DataformFolder	dataform	apis/dataform/v1alpha1/dataformfolder_types.go	config/crds/resources/apiextensions.k8s.io_v1_customresourcedefinition_dataformfolders.dataform.cnrm.cloud.google.com.yaml
DataformTeamFolder	dataform	apis/dataform/v1alpha1/dataformteamfolder_types.go	config/crds/resources/apiextensions.k8s.io_v1_customresourcedefinition_dataformteamfolders.dataform.cnrm.cloud.google.com.yaml
DataLabelingAnnotationSpecSet	datalabeling	apis/datalabeling/v1alpha1/datalabelingannotationspecset_types.go	config/crds/resources/apiextensions.k8s.io_v1_customresourcedefinition_datalabelingannotationspecsets.datalabeling.cnrm.cloud.google.com.yaml
DataLabelingDataset	datalabeling	apis/datalabeling/v1alpha1/datalabelingdataset_types.go	config/crds/resources/apiextensions.k8s.io_v1_customresourcedefinition_datalabelingdatasets.datalabeling.cnrm.cloud.google.com.yaml
DataLabelingEvaluationJob	datalabeling	apis/datalabeling/v1alpha1/datalabelingevaluationjob_types.go	config/crds/resources/apiextensions.k8s.io_v1_customresourcedefinition_datalabelingevaluationjobs.datalabeling.cnrm.cloud.google.com.yaml
DataLabelingInstruction	datalabeling	apis/datalabeling/v1alpha1/datalabelinginstruction_types.go	config/crds/resources/apiextensions.k8s.io_v1_customresourcedefinition_datalabelinginstructions.datalabeling.cnrm.cloud.google.com.yaml
DataLineageProcess	datalineage	apis/datalineage/v1alpha1/datalineageprocess_types.go	config/crds/resources/apiextensions.k8s.io_v1_customresourcedefinition_datalineageprocesses.datalineage.cnrm.cloud.google.com.yaml
DataplexAspectType	dataplex	apis/dataplex/v1alpha1/dataplexaspecttype_types.go	config/crds/resources/apiextensions.k8s.io_v1_customresourcedefinition_dataplexaspecttypes.dataplex.cnrm.cloud.google.com.yaml
DataplexDataScan	dataplex	apis/dataplex/v1alpha1/dataplexdatascan_types.go	config/crds/resources/apiextensions.k8s.io_v1_customresourcedefinition_dataplexdatascans.dataplex.cnrm.cloud.google.com.yaml
DataplexDataTaxonomy	dataplex	apis/dataplex/v1alpha1/dataplexdatataxonomy_types.go	config/crds/resources/apiextensions.k8s.io_v1_customresourcedefinition_dataplexdatataxonomies.dataplex.cnrm.cloud.google.com.yaml
DataplexEntryGroup	dataplex	apis/dataplex/v1alpha1/dataplexentrygroup_types.go	config/crds/resources/apiextensions.k8s.io_v1_customresourcedefinition_dataplexentrygroups.dataplex.cnrm.cloud.google.com.yaml
DataplexEntryType	dataplex	apis/dataplex/v1alpha1/dataplexentrytype_types.go	config/crds/resources/apiextensions.k8s.io_v1_customresourcedefinition_dataplexentrytypes.dataplex.cnrm.cloud.google.com.yaml
DataplexLake	dataplex	apis/dataplex/v1alpha1/dataplexlake_types.go	config/crds/resources/apiextensions.k8s.io_v1_customresourcedefinition_dataplexlakes.dataplex.cnrm.cloud.google.com.yaml
DataplexMetadataJob	dataplex	apis/dataplex/v1alpha1/dataplexmetadatajob_types.go	config/crds/resources/apiextensions.k8s.io_v1_customresourcedefinition_dataplexmetadatajobs.dataplex.cnrm.cloud.google.com.yaml
DataplexTask	dataplex	apis/dataplex/v1alpha1/dataplextask_types.go	config/crds/resources/apiextensions.k8s.io_v1_customresourcedefinition_dataplextasks.dataplex.cnrm.cloud.google.com.yaml
DataplexZone	dataplex	apis/dataplex/v1alpha1/dataplexzone_types.go	config/crds/resources/apiextensions.k8s.io_v1_customresourcedefinition_dataplexzones.dataplex.cnrm.cloud.google.com.yaml
DataprocBatch	dataproc	apis/dataproc/v1alpha1/dataprocbatch_types.go	config/crds/resources/apiextensions.k8s.io_v1_customresourcedefinition_dataprocbatches.dataproc.cnrm.cloud.google.com.yaml
DataprocJob	dataproc	apis/dataproc/v1alpha1/dataprocjob_types.go	config/crds/resources/apiextensions.k8s.io_v1_customresourcedefinition_dataprocjobs.dataproc.cnrm.cloud.google.com.yaml
DataprocNodeGroup	dataproc	apis/dataproc/v1alpha1/dataprocnodegroup_types.go	config/crds/resources/apiextensions.k8s.io_v1_customresourcedefinition_dataprocnodegroups.dataproc.cnrm.cloud.google.com.yaml
DataprocSession	dataproc	apis/dataproc/v1alpha1/dataprocsession_types.go	config/crds/resources/apiextensions.k8s.io_v1_customresourcedefinition_dataprocsessions.dataproc.cnrm.cloud.google.com.yaml
DataprocSessionTemplate	dataproc	apis/dataproc/v1alpha1/dataprocsessiontemplate_types.go	config/crds/resources/apiextensions.k8s.io_v1_customresourcedefinition_dataprocsessiontemplates.dataproc.cnrm.cloud.google.com.yaml
DatastreamConnectionProfile	datastream	apis/datastream/v1alpha1/datastreamconnectionprofile_types.go	config/crds/resources/apiextensions.k8s.io_v1_customresourcedefinition_datastreamconnectionprofiles.datastream.cnrm.cloud.google.com.yaml
DatastreamPrivateConnection	datastream	apis/datastream/v1alpha1/datastreamprivateconnection_types.go	config/crds/resources/apiextensions.k8s.io_v1_customresourcedefinition_datastreamprivateconnections.datastream.cnrm.cloud.google.com.yaml
DatastreamRoute	datastream	apis/datastream/v1alpha1/datastreamroute_types.go	config/crds/resources/apiextensions.k8s.io_v1_customresourcedefinition_datastreamroutes.datastream.cnrm.cloud.google.com.yaml
DevConnectAccountConnector	developerconnect	apis/developerconnect/v1alpha1/devconnectaccountconnector_types.go	config/crds/resources/apiextensions.k8s.io_v1_customresourcedefinition_devconnectaccountconnectors.developerconnect.cnrm.cloud.google.com.yaml
DevConnectConnection	developerconnect	apis/developerconnect/v1alpha1/devconnectconnection_types.go	config/crds/resources/apiextensions.k8s.io_v1_customresourcedefinition_devconnectconnections.developerconnect.cnrm.cloud.google.com.yaml
DevConnectInsightsConfig	developerconnect	apis/developerconnect/v1alpha1/devconnectinsightsconfig_types.go	config/crds/resources/apiextensions.k8s.io_v1_customresourcedefinition_devconnectinsightsconfigs.developerconnect.cnrm.cloud.google.com.yaml
DialogflowConversationDataset	dialogflow	apis/dialogflow/v1alpha1/dialogflowconversationdataset_types.go	config/crds/resources/apiextensions.k8s.io_v1_customresourcedefinition_dialogflowconversationdatasets.dialogflow.cnrm.cloud.google.com.yaml
DialogflowGenerator	dialogflow	apis/dialogflow/v1alpha1/dialogflowgenerator_types.go	config/crds/resources/apiextensions.k8s.io_v1_customresourcedefinition_dialogflowgenerators.dialogflow.cnrm.cloud.google.com.yaml
DialogflowKnowledgeBase	dialogflow	apis/dialogflow/v1alpha1/dialogflowknowledgebase_types.go	config/crds/resources/apiextensions.k8s.io_v1_customresourcedefinition_dialogflowknowledgebases.dialogflow.cnrm.cloud.google.com.yaml
DialogflowSecuritySettings	dialogflow	apis/dialogflow/v1alpha1/dialogflowsecuritysettings_types.go	config/crds/resources/apiextensions.k8s.io_v1_customresourcedefinition_dialogflowsecuritysettings.dialogflow.cnrm.cloud.google.com.yaml
DialogflowSipTrunk	dialogflow	apis/dialogflow/v1alpha1/dialogflowsiptrunk_types.go	config/crds/resources/apiextensions.k8s.io_v1_customresourcedefinition_dialogflowsiptrunks.dialogflow.cnrm.cloud.google.com.yaml
DiscoveryEngineControl	discoveryengine	apis/discoveryengine/v1alpha1/discoveryenginecontrol_types.go	config/crds/resources/apiextensions.k8s.io_v1_customresourcedefinition_discoveryenginecontrols.discoveryengine.cnrm.cloud.google.com.yaml
DiscoveryEngineConversation	discoveryengine	apis/discoveryengine/v1alpha1/discoveryengineconversation_types.go	config/crds/resources/apiextensions.k8s.io_v1_customresourcedefinition_discoveryengineconversations.discoveryengine.cnrm.cloud.google.com.yaml
DiscoveryEngineDataStore	discoveryengine	apis/discoveryengine/v1alpha1/discoveryenginedatastore_types.go	config/crds/resources/apiextensions.k8s.io_v1_customresourcedefinition_discoveryenginedatastores.discoveryengine.cnrm.cloud.google.com.yaml
DiscoveryEngineDataStoreTargetSite	discoveryengine	apis/discoveryengine/v1alpha1/discoveryenginedatastoretargetsite_types.go	config/crds/resources/apiextensions.k8s.io_v1_customresourcedefinition_discoveryenginedatastoretargetsites.discoveryengine.cnrm.cloud.google.com.yaml
DiscoveryEngineEngine	discoveryengine	apis/discoveryengine/v1alpha1/discoveryengineengine_types.go	config/crds/resources/apiextensions.k8s.io_v1_customresourcedefinition_discoveryengineengines.discoveryengine.cnrm.cloud.google.com.yaml
DiscoveryEngineIdentityMappingStore	discoveryengine	apis/discoveryengine/v1alpha1/discoveryengineidentitymappingstore_types.go	config/crds/resources/apiextensions.k8s.io_v1_customresourcedefinition_discoveryengineidentitymappingstores.discoveryengine.cnrm.cloud.google.com.yaml
DiscoveryEngineLicenseConfig	discoveryengine	apis/discoveryengine/v1alpha1/discoveryenginelicenseconfig_types.go	config/crds/resources/apiextensions.k8s.io_v1_customresourcedefinition_discoveryenginelicenseconfigs.discoveryengine.cnrm.cloud.google.com.yaml
DiscoveryEngineSampleQuery	discoveryengine	apis/discoveryengine/v1alpha1/discoveryenginesamplequery_types.go	config/crds/resources/apiextensions.k8s.io_v1_customresourcedefinition_discoveryenginesamplequeries.discoveryengine.cnrm.cloud.google.com.yaml
DiscoveryEngineSampleQuerySet	discoveryengine	apis/discoveryengine/v1alpha1/discoveryenginesamplequeryset_types.go	config/crds/resources/apiextensions.k8s.io_v1_customresourcedefinition_discoveryenginesamplequerysets.discoveryengine.cnrm.cloud.google.com.yaml
DiscoveryEngineServingConfig	discoveryengine	apis/discoveryengine/v1alpha1/discoveryengineservingconfig_types.go	config/crds/resources/apiextensions.k8s.io_v1_customresourcedefinition_discoveryengineservingconfigs.discoveryengine.cnrm.cloud.google.com.yaml
DiscoveryEngineSession	discoveryengine	apis/discoveryengine/v1alpha1/discoveryenginesession_types.go	config/crds/resources/apiextensions.k8s.io_v1_customresourcedefinition_discoveryenginesessions.discoveryengine.cnrm.cloud.google.com.yaml
DiscoveryEngineUserStore	discoveryengine	apis/discoveryengine/v1alpha1/discoveryengineuserstore_types.go	config/crds/resources/apiextensions.k8s.io_v1_customresourcedefinition_discoveryengineuserstores.discoveryengine.cnrm.cloud.google.com.yaml
DLPConnection	dlp	apis/dlp/v1alpha1/dlpconnection_types.go	config/crds/resources/apiextensions.k8s.io_v1_customresourcedefinition_dlpconnections.dlp.cnrm.cloud.google.com.yaml
DLPDiscoveryConfig	dlp	apis/dlp/v1alpha1/dlpdiscoveryconfig_types.go	config/crds/resources/apiextensions.k8s.io_v1_customresourcedefinition_dlpdiscoveryconfigs.dlp.cnrm.cloud.google.com.yaml
DocumentAIProcessor	documentai	apis/documentai/v1alpha1/documentaiprocessor_types.go	config/crds/resources/apiextensions.k8s.io_v1_customresourcedefinition_documentaiprocessors.documentai.cnrm.cloud.google.com.yaml
EdgeContainerMachine	edgecontainer	apis/edgecontainer/v1alpha1/edgecontainermachine_types.go	config/crds/resources/apiextensions.k8s.io_v1_customresourcedefinition_edgecontainermachines.edgecontainer.cnrm.cloud.google.com.yaml
EventarcChannelConnection	eventarc	apis/eventarc/v1alpha1/eventarcchannelconnection_types.go	config/crds/resources/apiextensions.k8s.io_v1_customresourcedefinition_eventarcchannelconnections.eventarc.cnrm.cloud.google.com.yaml
EventarcChannel	eventarc	apis/eventarc/v1alpha1/eventarcchannel_types.go	config/crds/resources/apiextensions.k8s.io_v1_customresourcedefinition_eventarcchannels.eventarc.cnrm.cloud.google.com.yaml
EventarcEnrollment	eventarc	apis/eventarc/v1alpha1/eventarcenrollment_types.go	config/crds/resources/apiextensions.k8s.io_v1_customresourcedefinition_eventarcenrollments.eventarc.cnrm.cloud.google.com.yaml
EventarcGoogleAPISource	eventarc	apis/eventarc/v1alpha1/eventarcgoogleapisource_types.go	config/crds/resources/apiextensions.k8s.io_v1_customresourcedefinition_eventarcgoogleapisources.eventarc.cnrm.cloud.google.com.yaml
EventarcGoogleChannelConfig	eventarc	apis/eventarc/v1alpha1/eventarcgooglechannelconfig_types.go	config/crds/resources/apiextensions.k8s.io_v1_customresourcedefinition_eventarcgooglechannelconfigs.eventarc.cnrm.cloud.google.com.yaml
FirestoreBackupSchedule	firestore	apis/firestore/v1alpha1/firestorebackupschedule_types.go	config/crds/resources/apiextensions.k8s.io_v1_customresourcedefinition_firestorebackupschedules.firestore.cnrm.cloud.google.com.yaml
FirestoreDocument	firestore	apis/firestore/v1alpha1/firestoredocument_types.go	config/crds/resources/apiextensions.k8s.io_v1_customresourcedefinition_firestoredocuments.firestore.cnrm.cloud.google.com.yaml
FirestoreField	firestore	apis/firestore/v1alpha1/firestorefield_types.go	config/crds/resources/apiextensions.k8s.io_v1_customresourcedefinition_firestorefields.firestore.cnrm.cloud.google.com.yaml
GeminiDataAnalyticsConversation	geminidataanalytics	apis/geminidataanalytics/v1alpha1/geminidataanalyticsconversation_types.go	config/crds/resources/apiextensions.k8s.io_v1_customresourcedefinition_geminidataanalyticsconversations.geminidataanalytics.cnrm.cloud.google.com.yaml
GKEBackupBackupChannel	gkebackup	apis/gkebackup/v1alpha1/gkebackupbackupchannel_types.go	config/crds/resources/apiextensions.k8s.io_v1_customresourcedefinition_gkebackupbackupchannels.gkebackup.cnrm.cloud.google.com.yaml
GKEBackupBackupPlan	gkebackup	apis/gkebackup/v1alpha1/gkebackupbackupplan_types.go	config/crds/resources/apiextensions.k8s.io_v1_customresourcedefinition_gkebackupbackupplans.gkebackup.cnrm.cloud.google.com.yaml
GKEBackupBackup	gkebackup	apis/gkebackup/v1alpha1/gkebackupbackup_types.go	config/crds/resources/apiextensions.k8s.io_v1_customresourcedefinition_gkebackupbackups.gkebackup.cnrm.cloud.google.com.yaml
GKEBackupRestorePlan	gkebackup	apis/gkebackup/v1alpha1/gkebackuprestoreplan_types.go	config/crds/resources/apiextensions.k8s.io_v1_customresourcedefinition_gkebackuprestoreplans.gkebackup.cnrm.cloud.google.com.yaml
GKEBackupRestore	gkebackup	apis/gkebackup/v1alpha1/gkebackuprestore_types.go	config/crds/resources/apiextensions.k8s.io_v1_customresourcedefinition_gkebackuprestores.gkebackup.cnrm.cloud.google.com.yaml
GKEHubFleet	gkehub	apis/gkehub/v1alpha1/gkehubfleet_types.go	config/crds/resources/apiextensions.k8s.io_v1_customresourcedefinition_gkehubfleets.gkehub.cnrm.cloud.google.com.yaml
GKEMulticloudAttachedCluster	gkemulticloud	apis/gkemulticloud/v1alpha1/gkemulticloudattachedcluster_types.go	config/crds/resources/apiextensions.k8s.io_v1_customresourcedefinition_gkemulticloudattachedclusters.gkemulticloud.cnrm.cloud.google.com.yaml
GrafeasNote	grafeas	apis/grafeas/v1alpha1/grafeasnote_types.go	config/crds/resources/apiextensions.k8s.io_v1_customresourcedefinition_grafeasnotes.grafeas.cnrm.cloud.google.com.yaml
HypercomputeClusterCluster	hypercomputecluster	apis/hypercomputecluster/v1alpha1/hypercomputeclustercluster_types.go	config/crds/resources/apiextensions.k8s.io_v1_customresourcedefinition_hypercomputeclusterclusters.hypercomputecluster.cnrm.cloud.google.com.yaml
IAMDenyPolicy	iam	apis/iam/v1alpha1/iamdenypolicy_types.go	config/crds/resources/apiextensions.k8s.io_v1_customresourcedefinition_iamdenypolicies.iam.cnrm.cloud.google.com.yaml
LicenseManagerConfiguration	licensemanager	apis/licensemanager/v1alpha1/licensemanagerconfiguration_types.go	config/crds/resources/apiextensions.k8s.io_v1_customresourcedefinition_licensemanagerconfigurations.licensemanager.cnrm.cloud.google.com.yaml
LiveStreamAsset	livestream	apis/livestream/v1alpha1/livestreamasset_types.go	config/crds/resources/apiextensions.k8s.io_v1_customresourcedefinition_livestreamassets.livestream.cnrm.cloud.google.com.yaml
ManagedKafkaCluster	managedkafka	apis/managedkafka/v1alpha1/managedkafkacluster_types.go	config/crds/resources/apiextensions.k8s.io_v1_customresourcedefinition_managedkafkaclusters.managedkafka.cnrm.cloud.google.com.yaml
ManagedKafkaConnectCluster	managedkafka	apis/managedkafka/v1alpha1/managedkafkaconnectcluster_types.go	config/crds/resources/apiextensions.k8s.io_v1_customresourcedefinition_managedkafkaconnectclusters.managedkafka.cnrm.cloud.google.com.yaml
ManagedKafkaConsumerGroup	managedkafka	apis/managedkafka/v1alpha1/managedkafkaconsumergroup_types.go	config/crds/resources/apiextensions.k8s.io_v1_customresourcedefinition_managedkafkaconsumergroups.managedkafka.cnrm.cloud.google.com.yaml
ManagedKafkaTopic	managedkafka	apis/managedkafka/v1alpha1/managedkafkatopic_types.go	config/crds/resources/apiextensions.k8s.io_v1_customresourcedefinition_managedkafkatopics.managedkafka.cnrm.cloud.google.com.yaml
MapManagementMapConfig	mapmanagement	apis/mapmanagement/v1alpha1/mapmanagementmapconfig_types.go	config/crds/resources/apiextensions.k8s.io_v1_customresourcedefinition_mapmanagementmapconfigs.mapmanagement.cnrm.cloud.google.com.yaml
MigrationCenterGroup	migrationcenter	apis/migrationcenter/v1alpha1/migrationcentergroup_types.go	config/crds/resources/apiextensions.k8s.io_v1_customresourcedefinition_migrationcentergroups.migrationcenter.cnrm.cloud.google.com.yaml
ModelArmorTemplate	modelarmor	apis/modelarmor/v1alpha1/modelarmortemplate_types.go	config/crds/resources/apiextensions.k8s.io_v1_customresourcedefinition_modelarmortemplates.modelarmor.cnrm.cloud.google.com.yaml
NetAppBackupPolicy	netapp	apis/netapp/v1alpha1/netappbackuppolicy_types.go	config/crds/resources/apiextensions.k8s.io_v1_customresourcedefinition_netappbackuppolicies.netapp.cnrm.cloud.google.com.yaml
NetAppBackupVault	netapp	apis/netapp/v1alpha1/netappbackupvault_types.go	config/crds/resources/apiextensions.k8s.io_v1_customresourcedefinition_netappbackupvaults.netapp.cnrm.cloud.google.com.yaml
NetworkConnectivityInternalRange	networkconnectivity	apis/networkconnectivity/v1alpha1/networkconnectivityinternalrange_types.go	config/crds/resources/apiextensions.k8s.io_v1_customresourcedefinition_networkconnectivityinternalranges.networkconnectivity.cnrm.cloud.google.com.yaml
NetworkConnectivityMulticloudDataTransferConfig	networkconnectivity	apis/networkconnectivity/v1alpha1/networkconnectivitymulticlouddatatransferconfig_types.go	config/crds/resources/apiextensions.k8s.io_v1_customresourcedefinition_networkconnectivitymulticlouddatatransferconfigs.networkconnectivity.cnrm.cloud.google.com.yaml
NetworkConnectivityRegionalEndpoint	networkconnectivity	apis/networkconnectivity/v1alpha1/networkconnectivityregionalendpoint_types.go	config/crds/resources/apiextensions.k8s.io_v1_customresourcedefinition_networkconnectivityregionalendpoints.networkconnectivity.cnrm.cloud.google.com.yaml
NetworkConnectivityServiceConnectionPolicy	networkconnectivity	apis/networkconnectivity/v1alpha1/networkconnectivityserviceconnectionpolicy_types.go	config/crds/resources/apiextensions.k8s.io_v1_customresourcedefinition_networkconnectivityserviceconnectionpolicies.networkconnectivity.cnrm.cloud.google.com.yaml
NetworkManagementConnectivityTest	networkmanagement	apis/networkmanagement/v1alpha1/networkmanagementconnectivitytest_types.go	config/crds/resources/apiextensions.k8s.io_v1_customresourcedefinition_networkmanagementconnectivitytests.networkmanagement.cnrm.cloud.google.com.yaml
NetworkManagementVPCFlowLogsConfig	networkmanagement	apis/networkmanagement/v1alpha1/networkmanagementvpcflowlogsconfig_types.go	config/crds/resources/apiextensions.k8s.io_v1_customresourcedefinition_networkmanagementvpcflowlogsconfigs.networkmanagement.cnrm.cloud.google.com.yaml
NetworkSecurityAddressGroup	networksecurity	apis/networksecurity/v1alpha1/networksecurityaddressgroup_types.go	config/crds/resources/apiextensions.k8s.io_v1_customresourcedefinition_networksecurityaddressgroups.networksecurity.cnrm.cloud.google.com.yaml
NetworkSecurityAuthzPolicy	networksecurity	apis/networksecurity/v1alpha1/networksecurityauthzpolicy_types.go	config/crds/resources/apiextensions.k8s.io_v1_customresourcedefinition_networksecurityauthzpolicies.networksecurity.cnrm.cloud.google.com.yaml
NetworkSecurityBackendAuthenticationConfig	networksecurity	apis/networksecurity/v1alpha1/networksecuritybackendauthenticationconfig_types.go	config/crds/resources/apiextensions.k8s.io_v1_customresourcedefinition_networksecuritybackendauthenticationconfigs.networksecurity.cnrm.cloud.google.com.yaml
NetworkSecurityDNSThreatDetector	networksecurity	apis/networksecurity/v1alpha1/networksecuritydnsthreatdetector_types.go	config/crds/resources/apiextensions.k8s.io_v1_customresourcedefinition_networksecuritydnsthreatdetectors.networksecurity.cnrm.cloud.google.com.yaml
NetworkSecurityFirewallEndpointAssociation	networksecurity	apis/networksecurity/v1alpha1/networksecurityfirewallendpointassociation_types.go	config/crds/resources/apiextensions.k8s.io_v1_customresourcedefinition_networksecurityfirewallendpointassociations.networksecurity.cnrm.cloud.google.com.yaml
NetworkSecurityFirewallEndpoint	networksecurity	apis/networksecurity/v1alpha1/networksecurityfirewallendpoint_types.go	config/crds/resources/apiextensions.k8s.io_v1_customresourcedefinition_networksecurityfirewallendpoints.networksecurity.cnrm.cloud.google.com.yaml
NetworkSecurityGatewaySecurityPolicy	networksecurity	apis/networksecurity/v1alpha1/networksecuritygatewaysecuritypolicy_types.go	config/crds/resources/apiextensions.k8s.io_v1_customresourcedefinition_networksecuritygatewaysecuritypolicies.networksecurity.cnrm.cloud.google.com.yaml
NetworkSecurityInterceptDeployment	networksecurity	apis/networksecurity/v1alpha1/networksecurityinterceptdeployment_types.go	config/crds/resources/apiextensions.k8s.io_v1_customresourcedefinition_networksecurityinterceptdeployments.networksecurity.cnrm.cloud.google.com.yaml
NetworkSecurityInterceptEndpointGroup	networksecurity	apis/networksecurity/v1alpha1/networksecurityinterceptendpointgroup_types.go	config/crds/resources/apiextensions.k8s.io_v1_customresourcedefinition_networksecurityinterceptendpointgroups.networksecurity.cnrm.cloud.google.com.yaml
NetworkSecurityMirroringDeployment	networksecurity	apis/networksecurity/v1alpha1/networksecuritymirroringdeployment_types.go	config/crds/resources/apiextensions.k8s.io_v1_customresourcedefinition_networksecuritymirroringdeployments.networksecurity.cnrm.cloud.google.com.yaml
NetworkSecurityMirroringEndpointGroup	networksecurity	apis/networksecurity/v1alpha1/networksecuritymirroringendpointgroup_types.go	config/crds/resources/apiextensions.k8s.io_v1_customresourcedefinition_networksecuritymirroringendpointgroups.networksecurity.cnrm.cloud.google.com.yaml
NetworkSecurityPartnerSSEGateway	networksecurity	apis/networksecurity/v1alpha1/networksecuritypartnerssegateway_types.go	config/crds/resources/apiextensions.k8s.io_v1_customresourcedefinition_networksecuritypartnerssegateways.networksecurity.cnrm.cloud.google.com.yaml
NetworkSecurityPartnerSSERealm	networksecurity	apis/networksecurity/v1alpha1/networksecuritypartnersserealm_types.go	config/crds/resources/apiextensions.k8s.io_v1_customresourcedefinition_networksecuritypartnersserealms.networksecurity.cnrm.cloud.google.com.yaml
NetworkSecuritySACRealm	networksecurity	apis/networksecurity/v1alpha1/networksecuritysacrealm_types.go	config/crds/resources/apiextensions.k8s.io_v1_customresourcedefinition_networksecuritysacrealms.networksecurity.cnrm.cloud.google.com.yaml
NetworkSecuritySecurityProfileGroup	networksecurity	apis/networksecurity/v1alpha1/networksecuritysecurityprofilegroup_types.go	config/crds/resources/apiextensions.k8s.io_v1_customresourcedefinition_networksecuritysecurityprofilegroups.networksecurity.cnrm.cloud.google.com.yaml
NetworkSecuritySecurityProfile	networksecurity	apis/networksecurity/v1alpha1/networksecuritysecurityprofile_types.go	config/crds/resources/apiextensions.k8s.io_v1_customresourcedefinition_networksecuritysecurityprofiles.networksecurity.cnrm.cloud.google.com.yaml
NetworkSecurityTLSInspectionPolicy	networksecurity	apis/networksecurity/v1alpha1/networksecuritytlsinspectionpolicy_types.go	config/crds/resources/apiextensions.k8s.io_v1_customresourcedefinition_networksecuritytlsinspectionpolicies.networksecurity.cnrm.cloud.google.com.yaml
NetworkSecurityURLList	networksecurity	apis/networksecurity/v1alpha1/networksecurityurllist_types.go	config/crds/resources/apiextensions.k8s.io_v1_customresourcedefinition_networksecurityurllists.networksecurity.cnrm.cloud.google.com.yaml
NetworkServicesAuthzExtension	networkservices	apis/networkservices/v1alpha1/networkservicesauthzextension_types.go	config/crds/resources/apiextensions.k8s.io_v1_customresourcedefinition_networkservicesauthzextensions.networkservices.cnrm.cloud.google.com.yaml
NetworkServicesLBRouteExtension	networkservices	apis/networkservices/v1alpha1/networkserviceslbrouteextension_types.go	config/crds/resources/apiextensions.k8s.io_v1_customresourcedefinition_networkserviceslbrouteextensions.networkservices.cnrm.cloud.google.com.yaml
NetworkServicesServiceBinding	networkservices	apis/networkservices/v1alpha1/networkservicesservicebinding_types.go	config/crds/resources/apiextensions.k8s.io_v1_customresourcedefinition_networkservicesservicebindings.networkservices.cnrm.cloud.google.com.yaml
NetworkServicesWasmPlugin	networkservices	apis/networkservices/v1alpha1/networkserviceswasmplugin_types.go	config/crds/resources/apiextensions.k8s.io_v1_customresourcedefinition_networkserviceswasmplugins.networkservices.cnrm.cloud.google.com.yaml
NotebookInstanceV2	notebooks	apis/notebooks/v1alpha1/notebookinstancev2_types.go	config/crds/resources/apiextensions.k8s.io_v1_customresourcedefinition_notebookinstancev2s.notebooks.cnrm.cloud.google.com.yaml
NotebooksEnvironment	notebooks	apis/notebooks/v1alpha1/notebooksenvironment_types.go	config/crds/resources/apiextensions.k8s.io_v1_customresourcedefinition_notebooksenvironments.notebooks.cnrm.cloud.google.com.yaml
NotebooksExecution	notebooks	apis/notebooks/v1alpha1/notebooksexecution_types.go	config/crds/resources/apiextensions.k8s.io_v1_customresourcedefinition_notebooksexecutions.notebooks.cnrm.cloud.google.com.yaml
NotebooksSchedule	notebooks	apis/notebooks/v1alpha1/notebooksschedule_types.go	config/crds/resources/apiextensions.k8s.io_v1_customresourcedefinition_notebooksschedules.notebooks.cnrm.cloud.google.com.yaml
ParameterManagerParameter	parametermanager	apis/parametermanager/v1alpha1/parametermanagerparameter_types.go	config/crds/resources/apiextensions.k8s.io_v1_customresourcedefinition_parametermanagerparameters.parametermanager.cnrm.cloud.google.com.yaml
ParameterManagerParameterVersion	parametermanager	apis/parametermanager/v1alpha1/parametermanagerparameterversion_types.go	config/crds/resources/apiextensions.k8s.io_v1_customresourcedefinition_parametermanagerparameterversions.parametermanager.cnrm.cloud.google.com.yaml
RapidMigrationAssessmentCollector	rapidmigrationassessment	apis/rapidmigrationassessment/v1alpha1/rapidmigrationassessmentcollector_types.go	config/crds/resources/apiextensions.k8s.io_v1_customresourcedefinition_rapidmigrationassessmentcollectors.rapidmigrationassessment.cnrm.cloud.google.com.yaml
ReCAPTCHAEnterpriseFirewallPolicy	recaptchaenterprise	apis/recaptchaenterprise/v1alpha1/recaptchaenterprisefirewallpolicy_types.go	config/crds/resources/apiextensions.k8s.io_v1_customresourcedefinition_recaptchaenterprisefirewallpolicies.recaptchaenterprise.cnrm.cloud.google.com.yaml
RunWorkerPool	run	apis/run/v1alpha1/runworkerpool_types.go	config/crds/resources/apiextensions.k8s.io_v1_customresourcedefinition_runworkerpools.run.cnrm.cloud.google.com.yaml
SaasServiceMgmtRelease	saasservicemgmt	apis/saasservicemgmt/v1alpha1/saasservicemgmtrelease_types.go	config/crds/resources/apiextensions.k8s.io_v1_customresourcedefinition_saasservicemgmtreleases.saasservicemgmt.cnrm.cloud.google.com.yaml
SecurityCenterBigQueryExport	securitycenter	apis/securitycenter/v1alpha1/securitycenterbigqueryexport_types.go	config/crds/resources/apiextensions.k8s.io_v1_customresourcedefinition_securitycenterbigqueryexports.securitycenter.cnrm.cloud.google.com.yaml
SecurityCenterManagementEventThreatDetectionCustomModule	securitycentermanagement	apis/securitycentermanagement/v1alpha1/securitycentermanagementeventthreatdetectioncustommodule_types.go	config/crds/resources/apiextensions.k8s.io_v1_customresourcedefinition_securitycentermanagementeventthreatdetectioncustommodules.securitycentermanagement.cnrm.cloud.google.com.yaml
SecurityCenterMuteConfig	securitycenter	apis/securitycenter/v1alpha1/securitycentermuteconfig_types.go	config/crds/resources/apiextensions.k8s.io_v1_customresourcedefinition_securitycentermuteconfigs.securitycenter.cnrm.cloud.google.com.yaml
ServiceNetworkingPeeredDNSDomain	servicenetworking	apis/servicenetworking/v1alpha1/servicenetworkingpeereddnsdomain_types.go	config/crds/resources/apiextensions.k8s.io_v1_customresourcedefinition_servicenetworkingpeereddnsdomains.servicenetworking.cnrm.cloud.google.com.yaml
SpeechCustomClass	speech	apis/speech/v1alpha1/speechcustomclass_types.go	config/crds/resources/apiextensions.k8s.io_v1_customresourcedefinition_speechcustomclasses.speech.cnrm.cloud.google.com.yaml
SpeechPhraseSet	speech	apis/speech/v1alpha1/speechphraseset_types.go	config/crds/resources/apiextensions.k8s.io_v1_customresourcedefinition_speechphrasesets.speech.cnrm.cloud.google.com.yaml
SpeechRecognizer	speech	apis/speech/v1alpha1/speechrecognizer_types.go	config/crds/resources/apiextensions.k8s.io_v1_customresourcedefinition_speechrecognizers.speech.cnrm.cloud.google.com.yaml
SQLAdminBackup	sqladmin	apis/sqladmin/v1alpha1/sqladminbackup_types.go	config/crds/resources/apiextensions.k8s.io_v1_customresourcedefinition_sqladminbackups.sqladmin.cnrm.cloud.google.com.yaml
StorageInsightsDatasetConfig	storageinsights	apis/storageinsights/v1alpha1/storageinsightsdatasetconfig_types.go	config/crds/resources/apiextensions.k8s.io_v1_customresourcedefinition_storageinsightsdatasetconfigs.storageinsights.cnrm.cloud.google.com.yaml
TasksQueue	cloudtasks	apis/cloudtasks/v1alpha1/tasksqueue_types.go	config/crds/resources/apiextensions.k8s.io_v1_customresourcedefinition_tasksqueues.cloudtasks.cnrm.cloud.google.com.yaml
TestingDeviceSession	testing	apis/testing/v1alpha1/testingdevicesession_types.go	config/crds/resources/apiextensions.k8s.io_v1_customresourcedefinition_testingdevicesessions.testing.cnrm.cloud.google.com.yaml
TPUVirtualMachine	tpu	apis/tpu/v1alpha1/tpuvirtualmachine_types.go	config/crds/resources/apiextensions.k8s.io_v1_customresourcedefinition_tpuvirtualmachines.tpu.cnrm.cloud.google.com.yaml
TranscoderJob	transcoder	apis/transcoder/v1alpha1/transcoderjob_types.go	config/crds/resources/apiextensions.k8s.io_v1_customresourcedefinition_transcoderjobs.transcoder.cnrm.cloud.google.com.yaml
TranslateAdaptiveMtDataset	translate	apis/translate/v1alpha1/translateadaptivemtdataset_types.go	config/crds/resources/apiextensions.k8s.io_v1_customresourcedefinition_translateadaptivemtdatasets.translate.cnrm.cloud.google.com.yaml
VectorSearchCollection	vectorsearch	apis/vectorsearch/v1alpha1/vectorsearchcollection_types.go	config/crds/resources/apiextensions.k8s.io_v1_customresourcedefinition_vectorsearchcollections.vectorsearch.cnrm.cloud.google.com.yaml
VertexAICustomJob	vertexai	apis/vertexai/v1alpha1/vertexaicustomjob_types.go	config/crds/resources/apiextensions.k8s.io_v1_customresourcedefinition_vertexaicustomjobs.vertexai.cnrm.cloud.google.com.yaml
VertexAIDataLabelingJob	vertexai	apis/vertexai/v1alpha1/vertexaidatalabelingjob_types.go	config/crds/resources/apiextensions.k8s.io_v1_customresourcedefinition_vertexaidatalabelingjobs.vertexai.cnrm.cloud.google.com.yaml
VertexAIDeploymentResourcePool	vertexai	apis/vertexai/v1alpha1/vertexaideploymentresourcepool_types.go	config/crds/resources/apiextensions.k8s.io_v1_customresourcedefinition_vertexaideploymentresourcepools.vertexai.cnrm.cloud.google.com.yaml
VertexAIExampleStore	vertexai	apis/vertexai/v1alpha1/vertexaiexamplestore_types.go	config/crds/resources/apiextensions.k8s.io_v1_customresourcedefinition_vertexaiexamplestores.vertexai.cnrm.cloud.google.com.yaml
VertexAIExtension	aiplatform	apis/aiplatform/v1alpha1/vertexaiextension_types.go	config/crds/resources/apiextensions.k8s.io_v1_customresourcedefinition_vertexaiextensions.aiplatform.cnrm.cloud.google.com.yaml
VertexAIFeatureGroup	vertexai	apis/vertexai/v1alpha1/vertexaifeaturegroup_types.go	config/crds/resources/apiextensions.k8s.io_v1_customresourcedefinition_vertexaifeaturegroups.vertexai.cnrm.cloud.google.com.yaml
VertexAIFeatureOnlineStore	aiplatform	apis/aiplatform/v1alpha1/vertexaifeatureonlinestore_types.go	config/crds/resources/apiextensions.k8s.io_v1_customresourcedefinition_vertexaifeatureonlinestores.aiplatform.cnrm.cloud.google.com.yaml
VertexAIFeaturestore	vertexai	apis/vertexai/v1alpha1/vertexaifeaturestore_types.go	config/crds/resources/apiextensions.k8s.io_v1_customresourcedefinition_vertexaifeaturestores.vertexai.cnrm.cloud.google.com.yaml
VertexAIMetadataStore	vertexai	apis/vertexai/v1alpha1/vertexaimetadatastore_types.go	config/crds/resources/apiextensions.k8s.io_v1_customresourcedefinition_vertexaimetadatastores.vertexai.cnrm.cloud.google.com.yaml
VertexAIPipelineJob	aiplatform	apis/aiplatform/v1alpha1/vertexaipipelinejob_types.go	config/crds/resources/apiextensions.k8s.io_v1_customresourcedefinition_vertexaipipelinejobs.aiplatform.cnrm.cloud.google.com.yaml
VertexAISchedule	aiplatform	apis/aiplatform/v1alpha1/vertexaischedule_types.go	config/crds/resources/apiextensions.k8s.io_v1_customresourcedefinition_vertexaischedules.aiplatform.cnrm.cloud.google.com.yaml
VertexAISpecialistPool	aiplatform	apis/aiplatform/v1alpha1/vertexaispecialistpool_types.go	config/crds/resources/apiextensions.k8s.io_v1_customresourcedefinition_vertexaispecialistpools.aiplatform.cnrm.cloud.google.com.yaml
VertexAIStudy	aiplatform	apis/aiplatform/v1alpha1/vertexaistudy_types.go	config/crds/resources/apiextensions.k8s.io_v1_customresourcedefinition_vertexaistudies.aiplatform.cnrm.cloud.google.com.yaml
VertexAITensorboardExperiment	vertexai	apis/vertexai/v1alpha1/vertexaitensorboardexperiment_types.go	config/crds/resources/apiextensions.k8s.io_v1_customresourcedefinition_vertexaitensorboardexperiments.vertexai.cnrm.cloud.google.com.yaml
VertexAITrainingPipeline	aiplatform	apis/aiplatform/v1alpha1/vertexaitrainingpipeline_types.go	config/crds/resources/apiextensions.k8s.io_v1_customresourcedefinition_vertexaitrainingpipelines.aiplatform.cnrm.cloud.google.com.yaml
VertexAITuningJob	aiplatform	apis/aiplatform/v1alpha1/vertexaituningjob_types.go	config/crds/resources/apiextensions.k8s.io_v1_customresourcedefinition_vertexaituningjobs.aiplatform.cnrm.cloud.google.com.yaml
VideoStitcherCDNKey	videostitcher	apis/videostitcher/v1alpha1/videostitchercdnkey_types.go	config/crds/resources/apiextensions.k8s.io_v1_customresourcedefinition_videostitchercdnkeys.videostitcher.cnrm.cloud.google.com.yaml
VisionAIApplication	visionai	apis/visionai/v1alpha1/visionaiapplication_types.go	config/crds/resources/apiextensions.k8s.io_v1_customresourcedefinition_visionaiapplications.visionai.cnrm.cloud.google.com.yaml
VisionProduct	vision	apis/vision/v1alpha1/visionproduct_types.go	config/crds/resources/apiextensions.k8s.io_v1_customresourcedefinition_visionproducts.vision.cnrm.cloud.google.com.yaml
VMwareEngineExternalAccessRule	vmwareengine	apis/vmwareengine/v1alpha1/vmwareengineexternalaccessrule_types.go	config/crds/resources/apiextensions.k8s.io_v1_customresourcedefinition_vmwareengineexternalaccessrules.vmwareengine.cnrm.cloud.google.com.yaml
VMwareEngineNetworkPeering	vmwareengine	apis/vmwareengine/v1alpha1/vmwareenginenetworkpeering_types.go	config/crds/resources/apiextensions.k8s.io_v1_customresourcedefinition_vmwareenginenetworkpeerings.vmwareengine.cnrm.cloud.google.com.yaml
VMwareEngineNetworkPolicy	vmwareengine	apis/vmwareengine/v1alpha1/vmwareenginenetworkpolicy_types.go	config/crds/resources/apiextensions.k8s.io_v1_customresourcedefinition_vmwareenginenetworkpolicies.vmwareengine.cnrm.cloud.google.com.yaml
VMwareEngineNetwork	vmwareengine	apis/vmwareengine/v1alpha1/vmwareenginenetwork_types.go	config/crds/resources/apiextensions.k8s.io_v1_customresourcedefinition_vmwareenginenetworks.vmwareengine.cnrm.cloud.google.com.yaml
VMwareEnginePrivateCloud	vmwareengine	apis/vmwareengine/v1alpha1/vmwareengineprivatecloud_types.go	config/crds/resources/apiextensions.k8s.io_v1_customresourcedefinition_vmwareengineprivateclouds.vmwareengine.cnrm.cloud.google.com.yaml
VMwareEnginePrivateConnection	vmwareengine	apis/vmwareengine/v1alpha1/vmwareengineprivateconnection_types.go	config/crds/resources/apiextensions.k8s.io_v1_customresourcedefinition_vmwareengineprivateconnections.vmwareengine.cnrm.cloud.google.com.yaml
WorkflowsExecution	workflowexecutions	apis/workflowexecutions/v1alpha1/workflowsexecution_types.go	config/crds/resources/apiextensions.k8s.io_v1_customresourcedefinition_workflowsexecutions.workflowexecutions.cnrm.cloud.google.com.yaml
WorkflowsWorkflow	workflows	apis/workflows/v1alpha1/workflowsworkflow_types.go	config/crds/resources/apiextensions.k8s.io_v1_customresourcedefinition_workflowsworkflows.workflows.cnrm.cloud.google.com.yaml
WorkloadManagerEvaluation	workloadmanager	apis/workloadmanager/v1alpha1/workloadmanagerevaluation_types.go	config/crds/resources/apiextensions.k8s.io_v1_customresourcedefinition_workloadmanagerevaluations.workloadmanager.cnrm.cloud.google.com.yaml