AIPlatformModel	spec.explanationSpec.metadata.inputs.KEY.encodedBaselines[].boolValue
AIPlatformModel	spec.explanationSpec.metadata.inputs.KEY.encodedBaselines[].nullValue
AIPlatformModel	spec.explanationSpec.metadata.inputs.KEY.encodedBaselines[].numberValue
AIPlatformModel	spec.explanationSpec.metadata.inputs.KEY.encodedBaselines[].stringValue
AIPlatformModel	spec.explanationSpec.metadata.inputs.KEY.encodedBaselines[].structValue
AIPlatformModel	spec.explanationSpec.metadata.inputs.KEY.inputBaselines[].boolValue
AIPlatformModel	spec.explanationSpec.metadata.inputs.KEY.inputBaselines[].nullValue
AIPlatformModel	spec.explanationSpec.metadata.inputs.KEY.inputBaselines[].numberValue
AIPlatformModel	spec.explanationSpec.metadata.inputs.KEY.inputBaselines[].stringValue
AIPlatformModel	spec.explanationSpec.metadata.inputs.KEY.inputBaselines[].structValue
AIPlatformModel	spec.explanationSpec.metadata.outputs.KEY.indexDisplayNameMapping.boolValue
AIPlatformModel	spec.explanationSpec.metadata.outputs.KEY.indexDisplayNameMapping.nullValue
AIPlatformModel	spec.explanationSpec.metadata.outputs.KEY.indexDisplayNameMapping.numberValue
AIPlatformModel	spec.explanationSpec.metadata.outputs.KEY.indexDisplayNameMapping.stringValue
AIPlatformModel	spec.explanationSpec.metadata.outputs.KEY.indexDisplayNameMapping.structValue
AIPlatformModel	spec.explanationSpec.parameters.examples.nearestNeighborSearchConfig.boolValue
AIPlatformModel	spec.explanationSpec.parameters.examples.nearestNeighborSearchConfig.nullValue
AIPlatformModel	spec.explanationSpec.parameters.examples.nearestNeighborSearchConfig.numberValue
AIPlatformModel	spec.explanationSpec.parameters.examples.nearestNeighborSearchConfig.stringValue
AIPlatformModel	spec.explanationSpec.parameters.examples.nearestNeighborSearchConfig.structValue
AIPlatformModel	spec.metadata.boolValue
AIPlatformModel	spec.metadata.nullValue
AIPlatformModel	spec.metadata.numberValue
AIPlatformModel	spec.metadata.stringValue
AIPlatformModel	spec.metadata.structValue
AnalyticsAccount	spec.redirectURI
BatchJob	spec.taskGroups[].taskSpec.computeResource.bootDiskMiB
BatchJob	spec.taskGroups[].taskSpec.computeResource.memoryMiB
BatchTask	spec.location
BigtableCluster	spec.clusterConfig.clusterAutoscalingConfig.autoscalingTargets.storageUtilizationGiBPerNode
CloudDeployAutomation	spec.location
CloudSecurityComplianceCloudControl	spec.location
CloudSecurityComplianceCloudControl	spec.parameterSpec[].subParameters[].defaultValue
CloudSecurityComplianceCloudControl	spec.parameterSpec[].subParameters[].defaultValue.boolValue
CloudSecurityComplianceCloudControl	spec.parameterSpec[].subParameters[].defaultValue.numberValue
CloudSecurityComplianceCloudControl	spec.parameterSpec[].subParameters[].defaultValue.oneofValue
CloudSecurityComplianceCloudControl	spec.parameterSpec[].subParameters[].defaultValue.oneofValue.name
CloudSecurityComplianceCloudControl	spec.parameterSpec[].subParameters[].defaultValue.oneofValue.parameterValue
CloudSecurityComplianceCloudControl	spec.parameterSpec[].subParameters[].defaultValue.stringListValue
CloudSecurityComplianceCloudControl	spec.parameterSpec[].subParameters[].defaultValue.stringListValue.values
CloudSecurityComplianceCloudControl	spec.parameterSpec[].subParameters[].defaultValue.stringListValue.values[]
CloudSecurityComplianceCloudControl	spec.parameterSpec[].subParameters[].defaultValue.stringValue
CloudSecurityComplianceCloudControl	spec.parameterSpec[].subParameters[].description
CloudSecurityComplianceCloudControl	spec.parameterSpec[].subParameters[].displayName
CloudSecurityComplianceCloudControl	spec.parameterSpec[].subParameters[].isRequired
CloudSecurityComplianceCloudControl	spec.parameterSpec[].subParameters[].name
CloudSecurityComplianceCloudControl	spec.parameterSpec[].subParameters[].substitutionRules
CloudSecurityComplianceCloudControl	spec.parameterSpec[].subParameters[].substitutionRules[]
CloudSecurityComplianceCloudControl	spec.parameterSpec[].subParameters[].substitutionRules[].attributeSubstitutionRule
CloudSecurityComplianceCloudControl	spec.parameterSpec[].subParameters[].substitutionRules[].attributeSubstitutionRule.attribute
CloudSecurityComplianceCloudControl	spec.parameterSpec[].subParameters[].substitutionRules[].placeholderSubstitutionRule
CloudSecurityComplianceCloudControl	spec.parameterSpec[].subParameters[].substitutionRules[].placeholderSubstitutionRule.attribute
CloudSecurityComplianceCloudControl	spec.parameterSpec[].subParameters[].validation
CloudSecurityComplianceCloudControl	spec.parameterSpec[].subParameters[].validation.allowedValues
CloudSecurityComplianceCloudControl	spec.parameterSpec[].subParameters[].validation.allowedValues.values
CloudSecurityComplianceCloudControl	spec.parameterSpec[].subParameters[].validation.allowedValues.values[]
CloudSecurityComplianceCloudControl	spec.parameterSpec[].subParameters[].validation.allowedValues.values[].boolValue
CloudSecurityComplianceCloudControl	spec.parameterSpec[].subParameters[].validation.allowedValues.values[].numberValue
CloudSecurityComplianceCloudControl	spec.parameterSpec[].subParameters[].validation.allowedValues.values[].oneofValue
CloudSecurityComplianceCloudControl	spec.parameterSpec[].subParameters[].validation.allowedValues.values[].oneofValue.name
CloudSecurityComplianceCloudControl	spec.parameterSpec[].subParameters[].validation.allowedValues.values[].oneofValue.parameterValue
CloudSecurityComplianceCloudControl	spec.parameterSpec[].subParameters[].validation.allowedValues.values[].stringListValue
CloudSecurityComplianceCloudControl	spec.parameterSpec[].subParameters[].validation.allowedValues.values[].stringListValue.values
CloudSecurityComplianceCloudControl	spec.parameterSpec[].subParameters[].validation.allowedValues.values[].stringListValue.values[]
CloudSecurityComplianceCloudControl	spec.parameterSpec[].subParameters[].validation.allowedValues.values[].stringValue
CloudSecurityComplianceCloudControl	spec.parameterSpec[].subParameters[].validation.intRange
CloudSecurityComplianceCloudControl	spec.parameterSpec[].subParameters[].validation.intRange.max
CloudSecurityComplianceCloudControl	spec.parameterSpec[].subParameters[].validation.intRange.min
CloudSecurityComplianceCloudControl	spec.parameterSpec[].subParameters[].validation.regexpPattern
CloudSecurityComplianceCloudControl	spec.parameterSpec[].subParameters[].validation.regexpPattern.pattern
CloudSecurityComplianceCloudControl	spec.parameterSpec[].subParameters[].valueType
CloudSecurityComplianceFramework	spec.location
CloudSecurityFramework	spec.labels
CloudSecurityFramework	spec.location
CloudTalentSolutionCompany	spec.tenant
ComputeFutureReservation	spec.location
ComputeFutureReservation	spec.shareSettings.projectMap[]
ComputeFutureReservation	spec.shareSettings.projectMap[].value
ComputeNetworkAttachment	spec.location
ComputeNetworkAttachment	spec.producerAcceptLists[].external
ComputeNetworkAttachment	spec.producerAcceptLists[].kind
ComputeNetworkAttachment	spec.producerAcceptLists[].name
ComputeNetworkAttachment	spec.producerAcceptLists[].namespace
ComputeNetworkAttachment	spec.producerRejectLists[].external
ComputeNetworkAttachment	spec.producerRejectLists[].kind
ComputeNetworkAttachment	spec.producerRejectLists[].name
ComputeNetworkAttachment	spec.producerRejectLists[].namespace
ComputeNetworkEdgeSecurityService	spec.location
DataprocJob	spec.parent
DataprocJob	spec.parent.location
DataprocNodeGroup	spec.location
DataprocNodeGroup	spec.nodeGroupConfig.diskConfig.bootDiskProvisionedIOPs
DataprocNodeGroup	spec.nodeGroupConfig.diskConfig.localSSDInterface
DataprocNodeGroup	spec.nodeGroupConfig.diskConfig.numLocalSSDs
DatastreamConnectionProfile	spec.bigQueryProfile
DatastreamConnectionProfile	spec.mySQLProfile
DatastreamConnectionProfile	spec.mySQLProfile.hostname
DatastreamConnectionProfile	spec.mySQLProfile.port
DatastreamConnectionProfile	spec.mySQLProfile.sslConfig
DatastreamConnectionProfile	spec.mySQLProfile.sslConfig.caCertificate
DatastreamConnectionProfile	spec.mySQLProfile.sslConfig.clientCertificate
DatastreamConnectionProfile	spec.mySQLProfile.sslConfig.clientKey
DatastreamConnectionProfile	spec.oracleProfile.oracleASMConfig
DatastreamConnectionProfile	spec.oracleProfile.oracleASMConfig.asmService
DatastreamConnectionProfile	spec.oracleProfile.oracleASMConfig.connectionAttributes
DatastreamConnectionProfile	spec.oracleProfile.oracleASMConfig.hostname
DatastreamConnectionProfile	spec.oracleProfile.oracleASMConfig.oracleSSLConfig
DatastreamConnectionProfile	spec.oracleProfile.oracleASMConfig.oracleSSLConfig.caCertificate
DatastreamConnectionProfile	spec.oracleProfile.oracleASMConfig.port
DialogflowKnowledgeBase	spec.location
DiscoveryEngineControl	spec.location
DiscoveryEngineConversation	spec.location
DiscoveryEngineDataStore	spec.collection
DiscoveryEngineEngine	spec.collection
DiscoveryEngineEngine	spec.location
DiscoveryEngineSampleQuery	spec.location
DiscoveryEngineServingConfig	spec.location
DiscoveryEngineSession	spec.location
EventarcGoogleChannelConfig	spec.location
FirestoreDocument	spec.collection
FirestoreField	spec.collectionGroup
FirestoreField	spec.ttlConfig.enabled
GKEBackupBackupPlan	spec.backupSchedule.rpoConfig.targetRPOMinutes
GKEBackupRestore	spec.volumeDataRestorePolicyOverrides[].selectedPVCs
GKEBackupRestore	spec.volumeDataRestorePolicyOverrides[].selectedPVCs.namespacedNames
GKEBackupRestore	spec.volumeDataRestorePolicyOverrides[].selectedPVCs.namespacedNames[]
GKEBackupRestore	spec.volumeDataRestorePolicyOverrides[].selectedPVCs.namespacedNames[].name
GKEBackupRestore	spec.volumeDataRestorePolicyOverrides[].selectedPVCs.namespacedNames[].namespace
GKEBackupRestorePlan	spec.restoreConfig.substitutionRules[].targetJSONPath
HypercomputeClusterCluster	spec.networkResources.KEY.network.network
HypercomputeClusterCluster	spec.networkResources.KEY.network.subnetwork
HypercomputeClusterCluster	spec.orchestrator.slurm.partitions[].nodeSetIds
HypercomputeClusterCluster	spec.orchestrator.slurm.partitions[].nodeSetIds[]
HypercomputeClusterCluster	spec.storageResources.KEY.bucket.bucket
HypercomputeClusterCluster	spec.storageResources.KEY.filestore.filestore
HypercomputeClusterCluster	spec.storageResources.KEY.lustre.lustre
ManagedKafkaConnectCluster	spec.gcpConfig.secretPaths[].external
ManagedKafkaConnectCluster	spec.gcpConfig.secretPaths[].name
ManagedKafkaConnectCluster	spec.gcpConfig.secretPaths[].namespace
ManagedKafkaConsumerGroup	spec.location
NetworkConnectivityInternalRange	spec.location
NetworkConnectivityMulticloudDataTransferConfig	spec.location
NetworkConnectivityRegionalEndpoint	spec.location
NetworkConnectivityServiceConnectionPolicy	spec.location
NetworkManagementConnectivityTest	spec.destination.sqlInstance
NetworkManagementConnectivityTest	spec.destination.sqlInstance.external
NetworkManagementConnectivityTest	spec.destination.sqlInstance.name
NetworkManagementConnectivityTest	spec.destination.sqlInstance.namespace
NetworkManagementConnectivityTest	spec.location
NetworkManagementConnectivityTest	spec.relatedProjects[].external
NetworkManagementConnectivityTest	spec.relatedProjects[].kind
NetworkManagementConnectivityTest	spec.relatedProjects[].name
NetworkManagementConnectivityTest	spec.relatedProjects[].namespace
NetworkManagementConnectivityTest	spec.source.sqlInstance
NetworkManagementConnectivityTest	spec.source.sqlInstance.external
NetworkManagementConnectivityTest	spec.source.sqlInstance.name
NetworkManagementConnectivityTest	spec.source.sqlInstance.namespace
SecurityCenterBigQueryExport	spec.location
SecurityCenterManagementEventThreatDetectionCustomModule	spec.location
VMwareEngineNetworkPeering	spec.peerMTU
VMwareEnginePrivateCloud	spec.managementCluster.nodeTypeConfigs[]
VMwareEnginePrivateCloud	spec.managementCluster.nodeTypeConfigs[].customCoreCount
VMwareEnginePrivateCloud	spec.managementCluster.nodeTypeConfigs[].nodeCount
VMwareEnginePrivateCloud	spec.managementCluster.nodeTypeConfigs[].nodeTypeID
VertexAIExtension	spec.runtimeConfig.vertexAISearchRuntimeConfig
VertexAIMetadataStore	spec.region
VertexAISchedule	spec.createPipelineJobRequest.pipelineJob.location
VertexAISchedule	spec.createPipelineJobRequest.pipelineJob.resourceID
VertexAITensorboardExperiment	spec.location
VertexAITrainingPipeline	spec.modelToUpload.explanationSpec.metadata.inputs.KEY.encodedBaselines[].boolValue
VertexAITrainingPipeline	spec.modelToUpload.explanationSpec.metadata.inputs.KEY.encodedBaselines[].nullValue
VertexAITrainingPipeline	spec.modelToUpload.explanationSpec.metadata.inputs.KEY.encodedBaselines[].numberValue
VertexAITrainingPipeline	spec.modelToUpload.explanationSpec.metadata.inputs.KEY.encodedBaselines[].stringValue
VertexAITrainingPipeline	spec.modelToUpload.explanationSpec.metadata.inputs.KEY.encodedBaselines[].structValue
VertexAITrainingPipeline	spec.modelToUpload.explanationSpec.metadata.inputs.KEY.inputBaselines[].boolValue
VertexAITrainingPipeline	spec.modelToUpload.explanationSpec.metadata.inputs.KEY.inputBaselines[].nullValue
VertexAITrainingPipeline	spec.modelToUpload.explanationSpec.metadata.inputs.KEY.inputBaselines[].numberValue
VertexAITrainingPipeline	spec.modelToUpload.explanationSpec.metadata.inputs.KEY.inputBaselines[].stringValue
VertexAITrainingPipeline	spec.modelToUpload.explanationSpec.metadata.inputs.KEY.inputBaselines[].structValue
VertexAITrainingPipeline	spec.modelToUpload.explanationSpec.metadata.outputs.KEY.indexDisplayNameMapping.boolValue
VertexAITrainingPipeline	spec.modelToUpload.explanationSpec.metadata.outputs.KEY.indexDisplayNameMapping.nullValue
VertexAITrainingPipeline	spec.modelToUpload.explanationSpec.metadata.outputs.KEY.indexDisplayNameMapping.numberValue
VertexAITrainingPipeline	spec.modelToUpload.explanationSpec.metadata.outputs.KEY.indexDisplayNameMapping.stringValue
VertexAITrainingPipeline	spec.modelToUpload.explanationSpec.metadata.outputs.KEY.indexDisplayNameMapping.structValue
VertexAITrainingPipeline	spec.modelToUpload.explanationSpec.parameters.examples.nearestNeighborSearchConfig.boolValue
VertexAITrainingPipeline	spec.modelToUpload.explanationSpec.parameters.examples.nearestNeighborSearchConfig.nullValue
VertexAITrainingPipeline	spec.modelToUpload.explanationSpec.parameters.examples.nearestNeighborSearchConfig.numberValue
VertexAITrainingPipeline	spec.modelToUpload.explanationSpec.parameters.examples.nearestNeighborSearchConfig.stringValue
VertexAITrainingPipeline	spec.modelToUpload.explanationSpec.parameters.examples.nearestNeighborSearchConfig.structValue
VertexAITrainingPipeline	spec.modelToUpload.location
VertexAITrainingPipeline	spec.modelToUpload.metadata.boolValue
VertexAITrainingPipeline	spec.modelToUpload.metadata.nullValue
VertexAITrainingPipeline	spec.modelToUpload.metadata.numberValue
VertexAITrainingPipeline	spec.modelToUpload.metadata.stringValue
VertexAITrainingPipeline	spec.modelToUpload.metadata.structValue
VertexAITrainingPipeline	spec.modelToUpload.resourceID
VertexAITrainingPipeline	spec.trainingTaskInputs.boolValue
VertexAITrainingPipeline	spec.trainingTaskInputs.nullValue
VertexAITrainingPipeline	spec.trainingTaskInputs.numberValue
VertexAITrainingPipeline	spec.trainingTaskInputs.stringValue
VertexAITrainingPipeline	spec.trainingTaskInputs.structValue
WorkflowsExecution	spec.location