AccessContextManagerAccessLevel	accesscontextmanager.cnrm.cloud.google.com	Terraform	Terraform
AccessContextManagerAccessLevelCondition	accesscontextmanager.cnrm.cloud.google.com	Terraform	Terraform
AccessContextManagerAccessPolicy	accesscontextmanager.cnrm.cloud.google.com	Terraform	Terraform
AccessContextManagerGCPUserAccessBinding	accesscontextmanager.cnrm.cloud.google.com	Terraform	Terraform
AccessContextManagerServicePerimeter	accesscontextmanager.cnrm.cloud.google.com	Terraform	Terraform
AccessContextManagerServicePerimeterResource	accesscontextmanager.cnrm.cloud.google.com	Terraform	Terraform
VertexAIFeatureOnlineStore	aiplatform.cnrm.cloud.google.com	Direct	Direct
VertexAIPipelineJob	aiplatform.cnrm.cloud.google.com	Direct	Direct
VertexAITrainingPipeline	aiplatform.cnrm.cloud.google.com	Direct	Direct
AlloyDBBackup	alloydb.cnrm.cloud.google.com	Terraform	Terraform
AlloyDBCluster	alloydb.cnrm.cloud.google.com	Terraform	Direct+Terraform
AlloyDBInstance	alloydb.cnrm.cloud.google.com	Direct	Direct
AlloyDBUser	alloydb.cnrm.cloud.google.com	Terraform	Terraform
APIGatewayAPI	apigateway.cnrm.cloud.google.com	Direct	Direct
APIGatewayAPIConfig	apigateway.cnrm.cloud.google.com	Terraform	Terraform
APIGatewayGateway	apigateway.cnrm.cloud.google.com	Terraform	Terraform
ApigeeAddonsConfig	apigee.cnrm.cloud.google.com	Terraform	Terraform
ApigeeEndpointAttachment	apigee.cnrm.cloud.google.com	Direct	Direct
ApigeeEnvgroup	apigee.cnrm.cloud.google.com	Direct	Direct
ApigeeEnvgroupAttachment	apigee.cnrm.cloud.google.com	Direct	Direct
ApigeeEnvironment	apigee.cnrm.cloud.google.com	DCL	DCL
ApigeeInstance	apigee.cnrm.cloud.google.com	Direct	Direct
ApigeeInstanceAttachment	apigee.cnrm.cloud.google.com	Direct	Direct
ApigeeNATAddress	apigee.cnrm.cloud.google.com	Terraform	Terraform
ApigeeOrganization	apigee.cnrm.cloud.google.com	DCL	DCL
ApigeeSyncAuthorization	apigee.cnrm.cloud.google.com	Terraform	Terraform
ApigeeRegistryInstance	apigeeregistry.cnrm.cloud.google.com	Direct	Direct
APIHubAPI	apihub.cnrm.cloud.google.com	Direct	Direct
APIHubDeployment	apihub.cnrm.cloud.google.com	Direct	Direct
APIHubPlugin	apihub.cnrm.cloud.google.com	Direct	Direct
APIHubRuntimeProjectAttachment	apihub.cnrm.cloud.google.com	Direct	Direct
APIKeysKey	apikeys.cnrm.cloud.google.com	Terraform	Direct+Terraform
AppEngineDomainMapping	appengine.cnrm.cloud.google.com	Terraform	Terraform
AppEngineFirewallRule	appengine.cnrm.cloud.google.com	Terraform	Terraform
AppEngineFlexibleAppVersion	appengine.cnrm.cloud.google.com	Terraform	Terraform
AppEngineServiceSplitTraffic	appengine.cnrm.cloud.google.com	Terraform	Terraform
AppEngineStandardAppVersion	appengine.cnrm.cloud.google.com	Terraform	Terraform
AppHubApplication	apphub.cnrm.cloud.google.com	Direct	Direct
AppHubServiceProjectAttachment	apphub.cnrm.cloud.google.com	Direct	Direct
ArtifactRegistryRepository	artifactregistry.cnrm.cloud.google.com	Terraform	Direct+Terraform
ArtifactRegistryVPCSCConfig	artifactregistry.cnrm.cloud.google.com	Direct	Direct
AssetFeed	asset.cnrm.cloud.google.com	Direct	Direct
AssetSavedQuery	asset.cnrm.cloud.google.com	Direct	Direct
AutoMLDataset	automl.cnrm.cloud.google.com	Direct	Direct
BackupDRBackupPlan	backupdr.cnrm.cloud.google.com	Direct	Direct
BackupDRBackupPlanAssociation	backupdr.cnrm.cloud.google.com	Direct	Direct
BackupDRBackupVault	backupdr.cnrm.cloud.google.com	Direct	Direct
BackupDRManagementServer	backupdr.cnrm.cloud.google.com	Direct	Direct
BatchJob	batch.cnrm.cloud.google.com	Direct	Direct
CloudBatchResourceAllowance	batch.cnrm.cloud.google.com	Direct	Direct
BeyondCorpAppConnection	beyondcorp.cnrm.cloud.google.com	Terraform	Terraform
BeyondCorpAppConnector	beyondcorp.cnrm.cloud.google.com	Terraform	Terraform
BeyondCorpAppGateway	beyondcorp.cnrm.cloud.google.com	Terraform	Terraform
BeyondCorpClientConnectorService	beyondcorp.cnrm.cloud.google.com	Direct	Direct
BeyondCorpClientGateway	beyondcorp.cnrm.cloud.google.com	Direct	Direct
BigQueryDataset	bigquery.cnrm.cloud.google.com	Terraform	Direct+Terraform
BigQueryDatasetAccess	bigquery.cnrm.cloud.google.com	Terraform	Terraform
BigQueryJob	bigquery.cnrm.cloud.google.com	Terraform	Terraform
BigQueryRoutine	bigquery.cnrm.cloud.google.com	Terraform	Terraform
BigQueryTable	bigquery.cnrm.cloud.google.com	Terraform	Direct+Terraform
BigQueryAnalyticsHubDataExchange	bigqueryanalyticshub.cnrm.cloud.google.com	Direct	Direct
BigQueryAnalyticsHubListing	bigqueryanalyticshub.cnrm.cloud.google.com	Direct	Direct
BigLakeCatalog	bigquerybiglake.cnrm.cloud.google.com	Direct	Direct
BigLakeDatabase	bigquerybiglake.cnrm.cloud.google.com	Direct	Direct
BigLakeTable	bigquerybiglake.cnrm.cloud.google.com	Direct	Direct
BigQueryConnectionConnection	bigqueryconnection.cnrm.cloud.google.com	Direct	Direct
BigQueryDataPolicyDataPolicy	bigquerydatapolicy.cnrm.cloud.google.com	Terraform	Terraform
BigQueryDataTransferConfig	bigquerydatatransfer.cnrm.cloud.google.com	Direct	Direct
BigQueryReservationAssignment	bigqueryreservation.cnrm.cloud.google.com	Direct	Direct
BigQueryReservationCapacityCommitment	bigqueryreservation.cnrm.cloud.google.com	Terraform	Direct+Terraform
BigQueryReservationReservation	bigqueryreservation.cnrm.cloud.google.com	Direct	Direct
BigtableAppProfile	bigtable.cnrm.cloud.google.com	Terraform	Direct+Terraform
BigtableAuthorizedView	bigtable.cnrm.cloud.google.com	Direct	Direct
BigtableBackup	bigtable.cnrm.cloud.google.com	Direct	Direct
BigtableGCPolicy	bigtable.cnrm.cloud.google.com	Terraform	Direct+Terraform
BigtableInstance	bigtable.cnrm.cloud.google.com	Terraform	Terraform
BigtableLogicalView	bigtable.cnrm.cloud.google.com	Direct	Direct
BigtableMaterializedView	bigtable.cnrm.cloud.google.com	Direct	Direct
BigtableTable	bigtable.cnrm.cloud.google.com	Terraform	Terraform
BillingAccount	billing.cnrm.cloud.google.com	Direct	Direct
BillingBudgetsBudget	billingbudgets.cnrm.cloud.google.com	DCL	DCL+Direct
BinaryAuthorizationAttestor	binaryauthorization.cnrm.cloud.google.com	DCL	DCL
BinaryAuthorizationPlatformPolicy	binaryauthorization.cnrm.cloud.google.com	Direct	Direct
BinaryAuthorizationPolicy	binaryauthorization.cnrm.cloud.google.com	DCL	DCL
CertificateManagerCertificate	certificatemanager.cnrm.cloud.google.com	Terraform	Direct+Terraform
CertificateManagerCertificateIssuanceConfig	certificatemanager.cnrm.cloud.google.com	Direct	Direct
CertificateManagerCertificateMap	certificatemanager.cnrm.cloud.google.com	Terraform	Direct+Terraform
CertificateManagerCertificateMapEntry	certificatemanager.cnrm.cloud.google.com	Terraform	Direct+Terraform
CertificateManagerDNSAuthorization	certificatemanager.cnrm.cloud.google.com	Direct	Direct
CloudAssetFolderFeed	cloudasset.cnrm.cloud.google.com	Terraform	Terraform
CloudAssetOrganizationFeed	cloudasset.cnrm.cloud.google.com	Terraform	Terraform
CloudAssetProjectFeed	cloudasset.cnrm.cloud.google.com	Terraform	Terraform
CloudBuildTrigger	cloudbuild.cnrm.cloud.google.com	Terraform	Terraform
CloudBuildWorkerPool	cloudbuild.cnrm.cloud.google.com	Direct	Direct
CloudDeployAutomation	clouddeploy.cnrm.cloud.google.com	Direct	Direct
CloudDeployDeliveryPipeline	clouddeploy.cnrm.cloud.google.com	Direct	Direct
CloudDeployDeployPolicy	clouddeploy.cnrm.cloud.google.com	Direct	Direct
CloudDeployTarget	clouddeploy.cnrm.cloud.google.com	Direct	Direct
CloudFunctionsFunction	cloudfunctions.cnrm.cloud.google.com	DCL	DCL
CloudFunctions2Function	cloudfunctions2.cnrm.cloud.google.com	Terraform	Terraform
CloudIdentityGroup	cloudidentity.cnrm.cloud.google.com	Direct	Direct
CloudIdentityMembership	cloudidentity.cnrm.cloud.google.com	Direct	Direct
CloudIDSEndpoint	cloudids.cnrm.cloud.google.com	Terraform	Terraform
CloudIOTDevice	cloudiot.cnrm.cloud.google.com	Terraform	Terraform
CloudIOTDeviceRegistry	cloudiot.cnrm.cloud.google.com	Terraform	Terraform
APIQuotaAdjusterSettings	cloudquota.cnrm.cloud.google.com	Direct	Direct
APIQuotaPreference	cloudquota.cnrm.cloud.google.com	Direct	Direct
CloudSchedulerJob	cloudscheduler.cnrm.cloud.google.com	DCL	DCL
CloudSecurityComplianceCloudControl	cloudsecuritycompliance.cnrm.cloud.google.com	Direct	Direct
CloudSecurityComplianceFramework	cloudsecuritycompliance.cnrm.cloud.google.com	Direct	Direct
CloudTalentSolutionCompany	cloudtalentsolution.cnrm.cloud.google.com	Direct	Direct
TasksQueue	cloudtasks.cnrm.cloud.google.com	Direct	Direct
ColabRuntime	colab.cnrm.cloud.google.com	Direct	Direct
ColabRuntimeTemplate	colab.cnrm.cloud.google.com	Direct	Direct
ComposerEnvironment	composer.cnrm.cloud.google.com	Direct	Direct
ComputeAddress	compute.cnrm.cloud.google.com	Terraform	Direct+Terraform
ComputeAutoscaler	compute.cnrm.cloud.google.com	Terraform	Direct+Terraform
ComputeBackendBucket	compute.cnrm.cloud.google.com	Terraform	Terraform
ComputeBackendBucketSignedURLKey	compute.cnrm.cloud.google.com	Terraform	Terraform
ComputeBackendService	compute.cnrm.cloud.google.com	Terraform	Terraform
ComputeBackendServiceSignedURLKey	compute.cnrm.cloud.google.com	Terraform	Direct+Terraform
ComputeDisk	compute.cnrm.cloud.google.com	Terraform	Direct+Terraform
ComputeDiskResourcePolicyAttachment	compute.cnrm.cloud.google.com	Terraform	Direct+Terraform
ComputeExternalVPNGateway	compute.cnrm.cloud.google.com	Terraform	Direct+Terraform
ComputeFirewall	compute.cnrm.cloud.google.com	Terraform	Direct+Terraform
ComputeFirewallPolicy	compute.cnrm.cloud.google.com	DCL	DCL+Direct
ComputeFirewallPolicyAssociation	compute.cnrm.cloud.google.com	DCL	DCL
ComputeFirewallPolicyRule	compute.cnrm.cloud.google.com	Direct	Direct
ComputeForwardingRule	compute.cnrm.cloud.google.com	Terraform	Direct+Terraform
ComputeFutureReservation	compute.cnrm.cloud.google.com	Direct	Direct
ComputeGlobalNetworkEndpoint	compute.cnrm.cloud.google.com	Terraform	Terraform
ComputeGlobalNetworkEndpointGroup	compute.cnrm.cloud.google.com	Terraform	Terraform
ComputeHTTPHealthCheck	compute.cnrm.cloud.google.com	Terraform	Direct+Terraform
ComputeHTTPSHealthCheck	compute.cnrm.cloud.google.com	Terraform	Direct+Terraform
ComputeHealthCheck	compute.cnrm.cloud.google.com	Terraform	Terraform
ComputeImage	compute.cnrm.cloud.google.com	Terraform	Direct+Terraform
ComputeInstance	compute.cnrm.cloud.google.com	Terraform	Direct+Terraform
ComputeInstanceGroup	compute.cnrm.cloud.google.com	Terraform	Direct+Terraform
ComputeInstanceGroupManager	compute.cnrm.cloud.google.com	DCL	DCL+Direct
ComputeInstanceGroupNamedPort	compute.cnrm.cloud.google.com	Terraform	Terraform
ComputeInstanceTemplate	compute.cnrm.cloud.google.com	Terraform	Terraform
ComputeInterconnectAttachment	compute.cnrm.cloud.google.com	Terraform	Terraform
ComputeMachineImage	compute.cnrm.cloud.google.com	Terraform	Terraform
ComputeManagedSSLCertificate	compute.cnrm.cloud.google.com	Terraform	Terraform
ComputeNetwork	compute.cnrm.cloud.google.com	Terraform	Direct+Terraform
ComputeNetworkAttachment	compute.cnrm.cloud.google.com	Direct	Direct
ComputeNetworkEdgeSecurityService	compute.cnrm.cloud.google.com	Direct	Direct
ComputeNetworkEndpoint	compute.cnrm.cloud.google.com	Terraform	Terraform
ComputeNetworkEndpointGroup	compute.cnrm.cloud.google.com	Terraform	Terraform
ComputeNetworkFirewallPolicy	compute.cnrm.cloud.google.com	Terraform	Terraform
ComputeNetworkFirewallPolicyAssociation	compute.cnrm.cloud.google.com	Terraform	Terraform
ComputeNetworkFirewallPolicyRule	compute.cnrm.cloud.google.com	Terraform	Terraform
ComputeNetworkPeering	compute.cnrm.cloud.google.com	Terraform	Terraform
ComputeNetworkPeeringRoutesConfig	compute.cnrm.cloud.google.com	Terraform	Terraform
ComputeNodeGroup	compute.cnrm.cloud.google.com	Terraform	Terraform
ComputeNodeTemplate	compute.cnrm.cloud.google.com	Terraform	Direct+Terraform
ComputeOrganizationSecurityPolicy	compute.cnrm.cloud.google.com	Terraform	Terraform
ComputeOrganizationSecurityPolicyAssociation	compute.cnrm.cloud.google.com	Terraform	Terraform
ComputeOrganizationSecurityPolicyRule	compute.cnrm.cloud.google.com	Terraform	Terraform
ComputePacketMirroring	compute.cnrm.cloud.google.com	DCL	DCL
ComputePerInstanceConfig	compute.cnrm.cloud.google.com	Terraform	Terraform
ComputeProjectMetadata	compute.cnrm.cloud.google.com	Terraform	Terraform
ComputeRegionAutoscaler	compute.cnrm.cloud.google.com	Terraform	Terraform
ComputeRegionDiskResourcePolicyAttachment	compute.cnrm.cloud.google.com	Terraform	Terraform
ComputeRegionNetworkEndpointGroup	compute.cnrm.cloud.google.com	Terraform	Terraform
ComputeRegionPerInstanceConfig	compute.cnrm.cloud.google.com	Terraform	Terraform
ComputeRegionSSLPolicy	compute.cnrm.cloud.google.com	Terraform	Terraform
ComputeReservation	compute.cnrm.cloud.google.com	Terraform	Direct+Terraform
ComputeResourcePolicy	compute.cnrm.cloud.google.com	Terraform	Terraform
ComputeRoute	compute.cnrm.cloud.google.com	Terraform	Direct+Terraform
ComputeRouter	compute.cnrm.cloud.google.com	Terraform	Direct+Terraform
ComputeRouterInterface	compute.cnrm.cloud.google.com	Terraform	Direct+Terraform
ComputeRouterNAT	compute.cnrm.cloud.google.com	Terraform	Direct+Terraform
ComputeRouterPeer	compute.cnrm.cloud.google.com	Terraform	Terraform
ComputeSSLCertificate	compute.cnrm.cloud.google.com	Terraform	Terraform
ComputeSSLPolicy	compute.cnrm.cloud.google.com	Terraform	Direct+Terraform
ComputeSecurityPolicy	compute.cnrm.cloud.google.com	Terraform	Direct+Terraform
ComputeServiceAttachment	compute.cnrm.cloud.google.com	DCL	DCL
ComputeSharedVPCHostProject	compute.cnrm.cloud.google.com	Terraform	Terraform
ComputeSharedVPCServiceProject	compute.cnrm.cloud.google.com	Terraform	Terraform
ComputeSnapshot	compute.cnrm.cloud.google.com	Terraform	Terraform
ComputeSubnetwork	compute.cnrm.cloud.google.com	Terraform	Terraform
ComputeTargetGRPCProxy	compute.cnrm.cloud.google.com	Terraform	Terraform
ComputeTargetHTTPProxy	compute.cnrm.cloud.google.com	Terraform	Terraform
ComputeTargetHTTPSProxy	compute.cnrm.cloud.google.com	Terraform	Direct+Terraform
ComputeTargetInstance	compute.cnrm.cloud.google.com	Terraform	Terraform
ComputeTargetPool	compute.cnrm.cloud.google.com	Terraform	Terraform
ComputeTargetSSLProxy	compute.cnrm.cloud.google.com	Terraform	Terraform
ComputeTargetTCPProxy	compute.cnrm.cloud.google.com	Terraform	Direct+Terraform
ComputeTargetVPNGateway	compute.cnrm.cloud.google.com	Terraform	Terraform
ComputeURLMap	compute.cnrm.cloud.google.com	Terraform	Direct+Terraform
ComputeVPNGateway	compute.cnrm.cloud.google.com	Terraform	Terraform
ComputeVPNTunnel	compute.cnrm.cloud.google.com	Terraform	Terraform
ConfigControllerInstance	configcontroller.cnrm.cloud.google.com	DCL	DCL
ConfigDeliveryFleetPackage	configdelivery.cnrm.cloud.google.com	Direct	Direct
ConfigDeploymentGroup	configdeployment.cnrm.cloud.google.com	Direct	Direct
CCInsightsPhraseMatcher	contactcenterinsights.cnrm.cloud.google.com	Direct	Direct
CCInsightsView	contactcenterinsights.cnrm.cloud.google.com	Direct	Direct
ContainerCluster	container.cnrm.cloud.google.com	Terraform	Terraform
ContainerNodePool	container.cnrm.cloud.google.com	Terraform	Terraform
ContainerAnalysisNote	containeranalysis.cnrm.cloud.google.com	DCL	DCL
ContainerAnalysisOccurrence	containeranalysis.cnrm.cloud.google.com	Terraform	Terraform
ContainerAttachedCluster	containerattached.cnrm.cloud.google.com	Terraform	Terraform
DataCatalogEntry	datacatalog.cnrm.cloud.google.com	Direct	Direct
DataCatalogEntryGroup	datacatalog.cnrm.cloud.google.com	Direct	Direct
DataCatalogPolicyTag	datacatalog.cnrm.cloud.google.com	Terraform	Terraform
DataCatalogTag	datacatalog.cnrm.cloud.google.com	Direct	Direct
DataCatalogTagTemplate	datacatalog.cnrm.cloud.google.com	Direct	Direct
DataCatalogTaxonomy	datacatalog.cnrm.cloud.google.com	Terraform	Terraform
DataflowFlexTemplateJob	dataflow.cnrm.cloud.google.com	Terraform	Direct+Terraform
DataflowJob	dataflow.cnrm.cloud.google.com	Terraform	Direct+Terraform
DataformRepository	dataform.cnrm.cloud.google.com	Direct	Direct
DataformTeamFolder	dataform.cnrm.cloud.google.com	Direct	Direct
DataFusionInstance	datafusion.cnrm.cloud.google.com	DCL	DCL
DataLabelingInstruction	datalabeling.cnrm.cloud.google.com	Direct	Direct
DatabaseMigrationConversionWorkspace	datamigration.cnrm.cloud.google.com	Direct	Direct
DatabaseMigrationMigrationJob	datamigration.cnrm.cloud.google.com	Direct	Direct
DataplexEntryGroup	dataplex.cnrm.cloud.google.com	Direct	Direct
DataplexEntryType	dataplex.cnrm.cloud.google.com	Direct	Direct
DataplexLake	dataplex.cnrm.cloud.google.com	Direct	Direct
DataplexMetadataJob	dataplex.cnrm.cloud.google.com	Direct	Direct
DataplexTask	dataplex.cnrm.cloud.google.com	Direct	Direct
DataplexZone	dataplex.cnrm.cloud.google.com	Direct	Direct
DataprocAutoscalingPolicy	dataproc.cnrm.cloud.google.com	DCL	DCL+Direct
DataprocBatch	dataproc.cnrm.cloud.google.com	Direct	Direct
DataprocCluster	dataproc.cnrm.cloud.google.com	DCL	DCL+Direct
DataprocJob	dataproc.cnrm.cloud.google.com	Direct	Direct
DataprocSession	dataproc.cnrm.cloud.google.com	Direct	Direct
DataprocSessionTemplate	dataproc.cnrm.cloud.google.com	Direct	Direct
DataprocWorkflowTemplate	dataproc.cnrm.cloud.google.com	DCL	DCL
DatastoreIndex	datastore.cnrm.cloud.google.com	Terraform	Terraform
DatastreamConnectionProfile	datastream.cnrm.cloud.google.com	Direct	Direct
DatastreamPrivateConnection	datastream.cnrm.cloud.google.com	Direct	Direct
DatastreamRoute	datastream.cnrm.cloud.google.com	Direct	Direct
DatastreamStream	datastream.cnrm.cloud.google.com	Terraform	Terraform
DeploymentManagerDeployment	deploymentmanager.cnrm.cloud.google.com	Terraform	Terraform
DevConnectAccountConnector	developerconnect.cnrm.cloud.google.com	Direct	Direct
DevConnectInsightsConfig	developerconnect.cnrm.cloud.google.com	Direct	Direct
DeviceStreamingSession	devicestreaming.cnrm.cloud.google.com	Direct	Direct
DialogflowAgent	dialogflow.cnrm.cloud.google.com	Terraform	Terraform
DialogflowEntityType	dialogflow.cnrm.cloud.google.com	Terraform	Terraform
DialogflowFulfillment	dialogflow.cnrm.cloud.google.com	Terraform	Terraform
DialogflowIntent	dialogflow.cnrm.cloud.google.com	Terraform	Terraform
DialogflowSipTrunk	dialogflow.cnrm.cloud.google.com	Direct	Direct
DialogflowCXAgent	dialogflowcx.cnrm.cloud.google.com	Terraform	Terraform
DialogflowCXEntityType	dialogflowcx.cnrm.cloud.google.com	Terraform	Terraform
DialogflowCXFlow	dialogflowcx.cnrm.cloud.google.com	Terraform	Terraform
DialogflowCXIntent	dialogflowcx.cnrm.cloud.google.com	Terraform	Terraform
DialogflowCXPage	dialogflowcx.cnrm.cloud.google.com	Terraform	Terraform
DialogflowCXWebhook	dialogflowcx.cnrm.cloud.google.com	Terraform	Terraform
DiscoveryEngineConversation	discoveryengine.cnrm.cloud.google.com	Direct	Direct
DiscoveryEngineDataStore	discoveryengine.cnrm.cloud.google.com	Direct	Direct
DiscoveryEngineEngine	discoveryengine.cnrm.cloud.google.com	Direct	Direct
DiscoveryEngineLicenseConfig	discoveryengine.cnrm.cloud.google.com	Direct	Direct
DiscoveryEngineServingConfig	discoveryengine.cnrm.cloud.google.com	Direct	Direct
DiscoveryEngineSession	discoveryengine.cnrm.cloud.google.com	Direct	Direct
DiscoveryEngineUserStore	discoveryengine.cnrm.cloud.google.com	Direct	Direct
DLPConnection	dlp.cnrm.cloud.google.com	Direct	Direct
DLPDeidentifyTemplate	dlp.cnrm.cloud.google.com	DCL	DCL
DLPDiscoveryConfig	dlp.cnrm.cloud.google.com	Direct	Direct
DLPInspectTemplate	dlp.cnrm.cloud.google.com	DCL	DCL
DLPJobTrigger	dlp.cnrm.cloud.google.com	DCL	DCL
DLPStoredInfoType	dlp.cnrm.cloud.google.com	DCL	DCL
DNSManagedZone	dns.cnrm.cloud.google.com	Terraform	Direct+Terraform
DNSPolicy	dns.cnrm.cloud.google.com	Terraform	Direct+Terraform
DNSRecordSet	dns.cnrm.cloud.google.com	Terraform	Terraform
DNSResponsePolicy	dns.cnrm.cloud.google.com	Terraform	Direct+Terraform
DNSResponsePolicyRule	dns.cnrm.cloud.google.com	Terraform	Terraform
DocumentAIProcessor	documentai.cnrm.cloud.google.com	Direct	Direct
DocumentAIProcessorDefaultVersion	documentai.cnrm.cloud.google.com	Terraform	Terraform
DocumentAIProcessorVersion	documentai.cnrm.cloud.google.com	Direct	Direct
EdgeContainerCluster	edgecontainer.cnrm.cloud.google.com	Terraform	Terraform
EdgeContainerNodePool	edgecontainer.cnrm.cloud.google.com	Terraform	Terraform
EdgeContainerVpnConnection	edgecontainer.cnrm.cloud.google.com	Terraform	Terraform
EdgeNetworkNetwork	edgenetwork.cnrm.cloud.google.com	Terraform	Terraform
EdgeNetworkSubnet	edgenetwork.cnrm.cloud.google.com	Terraform	Terraform
EssentialContactsContact	essentialcontacts.cnrm.cloud.google.com	Direct	Direct
EventarcChannel	eventarc.cnrm.cloud.google.com	Direct	Direct
EventarcChannelConnection	eventarc.cnrm.cloud.google.com	Direct	Direct
EventarcEnrollment	eventarc.cnrm.cloud.google.com	Direct	Direct
EventarcGoogleAPISource	eventarc.cnrm.cloud.google.com	Direct	Direct
EventarcGoogleChannelConfig	eventarc.cnrm.cloud.google.com	Direct	Direct
EventarcTrigger	eventarc.cnrm.cloud.google.com	DCL	DCL
FilestoreBackup	filestore.cnrm.cloud.google.com	DCL	DCL
FilestoreInstance	filestore.cnrm.cloud.google.com	DCL	DCL
FilestoreSnapshot	filestore.cnrm.cloud.google.com	Terraform	Terraform
FirebaseAndroidApp	firebase.cnrm.cloud.google.com	Terraform	Terraform
FirebaseProject	firebase.cnrm.cloud.google.com	Terraform	Terraform
FirebaseWebApp	firebase.cnrm.cloud.google.com	Terraform	Terraform
FirebaseDatabaseInstance	firebasedatabase.cnrm.cloud.google.com	Terraform	Terraform
FirebaseHostingChannel	firebasehosting.cnrm.cloud.google.com	Terraform	Terraform
FirebaseHostingSite	firebasehosting.cnrm.cloud.google.com	Terraform	Terraform
FirebaseStorageBucket	firebasestorage.cnrm.cloud.google.com	Terraform	Terraform
FirestoreBackupSchedule	firestore.cnrm.cloud.google.com	Direct	Direct
FirestoreDatabase	firestore.cnrm.cloud.google.com	Direct	Direct
FirestoreDocument	firestore.cnrm.cloud.google.com	Direct	Direct
FirestoreField	firestore.cnrm.cloud.google.com	Direct	Direct
FirestoreIndex	firestore.cnrm.cloud.google.com	Terraform	Direct+Terraform
GeminiDataAnalyticsConversation	geminidataanalytics.cnrm.cloud.google.com	Direct	Direct
GKEBackupBackup	gkebackup.cnrm.cloud.google.com	Direct	Direct
GKEBackupBackupChannel	gkebackup.cnrm.cloud.google.com	Direct	Direct
GKEBackupBackupPlan	gkebackup.cnrm.cloud.google.com	Direct	Direct
GKEBackupRestore	gkebackup.cnrm.cloud.google.com	Direct	Direct
GKEBackupRestorePlan	gkebackup.cnrm.cloud.google.com	Direct	Direct
GKEHubFeature	gkehub.cnrm.cloud.google.com	DCL	DCL
GKEHubFeatureMembership	gkehub.cnrm.cloud.google.com	Direct	Direct
GKEHubFleet	gkehub.cnrm.cloud.google.com	Direct	Direct
GKEHubMembership	gkehub.cnrm.cloud.google.com	DCL	DCL
GKEHubMembershipBinding	gkehub.cnrm.cloud.google.com	Direct	Direct
GKEHubNamespace	gkehub.cnrm.cloud.google.com	Direct	Direct
GKEHubScope	gkehub.cnrm.cloud.google.com	Direct	Direct
GKEHubScopeRBACRoleBinding	gkehub.cnrm.cloud.google.com	Direct	Direct
GKEMulticloudAttachedCluster	gkemulticloud.cnrm.cloud.google.com	Direct	Direct
GrafeasNote	grafeas.cnrm.cloud.google.com	Direct	Direct
HealthcareConsentStore	healthcare.cnrm.cloud.google.com	Terraform	Terraform
HealthcareDICOMStore	healthcare.cnrm.cloud.google.com	Terraform	Terraform
HealthcareDataset	healthcare.cnrm.cloud.google.com	Terraform	Terraform
HealthcareFHIRStore	healthcare.cnrm.cloud.google.com	Terraform	Terraform
HealthcareHL7V2Store	healthcare.cnrm.cloud.google.com	Terraform	Terraform
HypercomputeClusterCluster	hypercomputecluster.cnrm.cloud.google.com	Direct	Direct
IAMAccessBoundaryPolicy	iam.cnrm.cloud.google.com	Terraform	Terraform
IAMAuditConfig	iam.cnrm.cloud.google.com	IAMAuditConfig	IAMAuditConfig
IAMCustomRole	iam.cnrm.cloud.google.com	Terraform	Terraform
IAMDenyPolicy	iam.cnrm.cloud.google.com	Direct	Direct
IAMPartialPolicy	iam.cnrm.cloud.google.com	IAMPartialPolicy	Direct+IAMPartialPolicy
IAMPolicy	iam.cnrm.cloud.google.com	IAMPolicy	IAMPolicy
IAMPolicyMember	iam.cnrm.cloud.google.com	IAMPolicyMember	IAMPolicyMember
IAMServiceAccount	iam.cnrm.cloud.google.com	Terraform	Terraform
IAMServiceAccountKey	iam.cnrm.cloud.google.com	Terraform	Terraform
IAMWorkforcePool	iam.cnrm.cloud.google.com	DCL	DCL
IAMWorkforcePoolProvider	iam.cnrm.cloud.google.com	DCL	DCL
IAMWorkloadIdentityPool	iam.cnrm.cloud.google.com	DCL	DCL
IAMWorkloadIdentityPoolProvider	iam.cnrm.cloud.google.com	DCL	DCL
IAPBrand	iap.cnrm.cloud.google.com	DCL	DCL
IAPIdentityAwareProxyClient	iap.cnrm.cloud.google.com	DCL	DCL
IAPSettings	iap.cnrm.cloud.google.com	Direct	Direct
IdentityPlatformConfig	identityplatform.cnrm.cloud.google.com	DCL	DCL
IdentityPlatformDefaultSupportedIDPConfig	identityplatform.cnrm.cloud.google.com	Terraform	Terraform
IdentityPlatformInboundSAMLConfig	identityplatform.cnrm.cloud.google.com	Terraform	Terraform
IdentityPlatformOAuthIDPConfig	identityplatform.cnrm.cloud.google.com	DCL	DCL
IdentityPlatformProjectDefaultConfig	identityplatform.cnrm.cloud.google.com	Terraform	Terraform
IdentityPlatformTenant	identityplatform.cnrm.cloud.google.com	DCL	DCL
IdentityPlatformTenantDefaultSupportedIDPConfig	identityplatform.cnrm.cloud.google.com	Terraform	Terraform
IdentityPlatformTenantInboundSAMLConfig	identityplatform.cnrm.cloud.google.com	Terraform	Terraform
IdentityPlatformTenantOAuthIDPConfig	identityplatform.cnrm.cloud.google.com	DCL	DCL
KMSAutokeyConfig	kms.cnrm.cloud.google.com	Direct	Direct
KMSCryptoKey	kms.cnrm.cloud.google.com	Terraform	Direct+Terraform
KMSCryptoKeyVersion	kms.cnrm.cloud.google.com	Terraform	Terraform
KMSImportJob	kms.cnrm.cloud.google.com	Direct	Direct
KMSKeyHandle	kms.cnrm.cloud.google.com	Direct	Direct
KMSKeyRing	kms.cnrm.cloud.google.com	Terraform	Direct+Terraform
KMSKeyRingImportJob	kms.cnrm.cloud.google.com	Terraform	Terraform
KMSSecretCiphertext	kms.cnrm.cloud.google.com	Terraform	Terraform
LicenseManagerConfiguration	licensemanager.cnrm.cloud.google.com	Direct	Direct
LoggingLink	logging.cnrm.cloud.google.com	Direct	Direct
LoggingLogBucket	logging.cnrm.cloud.google.com	DCL	DCL+Direct
LoggingLogExclusion	logging.cnrm.cloud.google.com	DCL	DCL+Direct
LoggingLogMetric	logging.cnrm.cloud.google.com	Direct	Direct
LoggingLogSink	logging.cnrm.cloud.google.com	Terraform	Direct+Terraform
LoggingLogView	logging.cnrm.cloud.google.com	DCL	DCL+Direct
ManagedKafkaCluster	managedkafka.cnrm.cloud.google.com	Direct	Direct
ManagedKafkaTopic	managedkafka.cnrm.cloud.google.com	Direct	Direct
MemcacheInstance	memcache.cnrm.cloud.google.com	Terraform	Terraform
MemorystoreInstance	memorystore.cnrm.cloud.google.com	Direct	Direct
MemorystoreInstanceEndpoint	memorystore.cnrm.cloud.google.com	Direct	Direct
MetastoreBackup	metastore.cnrm.cloud.google.com	Direct	Direct
MetastoreFederation	metastore.cnrm.cloud.google.com	Direct	Direct
MetastoreService	metastore.cnrm.cloud.google.com	Direct	Direct
MigrationCenterGroup	migrationcenter.cnrm.cloud.google.com	Direct	Direct
MLEngineModel	mlengine.cnrm.cloud.google.com	Terraform	Terraform
ModelArmorTemplate	modelarmor.cnrm.cloud.google.com	Direct	Direct
MonitoringAlertPolicy	monitoring.cnrm.cloud.google.com	Terraform	Direct+Terraform
MonitoringDashboard	monitoring.cnrm.cloud.google.com	Direct	Direct
MonitoringGroup	monitoring.cnrm.cloud.google.com	DCL	DCL
MonitoringMetricDescriptor	monitoring.cnrm.cloud.google.com	DCL	DCL
MonitoringMonitoredProject	monitoring.cnrm.cloud.google.com	DCL	DCL
MonitoringNotificationChannel	monitoring.cnrm.cloud.google.com	Terraform	Terraform
MonitoringService	monitoring.cnrm.cloud.google.com	DCL	DCL
MonitoringServiceLevelObjective	monitoring.cnrm.cloud.google.com	DCL	DCL
MonitoringUptimeCheckConfig	monitoring.cnrm.cloud.google.com	DCL	DCL
NetAppBackupPolicy	netapp.cnrm.cloud.google.com	Direct	Direct
NetworkConnectivityHub	networkconnectivity.cnrm.cloud.google.com	DCL	DCL
NetworkConnectivityInternalRange	networkconnectivity.cnrm.cloud.google.com	Direct	Direct
NetworkConnectivityRegionalEndpoint	networkconnectivity.cnrm.cloud.google.com	Direct	Direct
NetworkConnectivityServiceConnectionPolicy	networkconnectivity.cnrm.cloud.google.com	Direct	Direct
NetworkConnectivitySpoke	networkconnectivity.cnrm.cloud.google.com	DCL	DCL
NetworkManagementConnectivityTest	networkmanagement.cnrm.cloud.google.com	Direct	Direct
NetworkManagementVPCFlowLogsConfig	networkmanagement.cnrm.cloud.google.com	Direct	Direct
NetworkSecurityAuthorizationPolicy	networksecurity.cnrm.cloud.google.com	DCL	DCL
NetworkSecurityAuthzPolicy	networksecurity.cnrm.cloud.google.com	Direct	Direct
NetworkSecurityBackendAuthenticationConfig	networksecurity.cnrm.cloud.google.com	Direct	Direct
NetworkSecurityClientTLSPolicy	networksecurity.cnrm.cloud.google.com	DCL	DCL
NetworkSecurityDNSThreatDetector	networksecurity.cnrm.cloud.google.com	Direct	Direct
NetworkSecurityFirewallEndpoint	networksecurity.cnrm.cloud.google.com	Direct	Direct
NetworkSecurityFirewallEndpointAssociation	networksecurity.cnrm.cloud.google.com	Direct	Direct
NetworkSecurityGatewaySecurityPolicy	networksecurity.cnrm.cloud.google.com	Direct	Direct
NetworkSecurityInterceptEndpointGroup	networksecurity.cnrm.cloud.google.com	Direct	Direct
NetworkSecurityMirroringDeployment	networksecurity.cnrm.cloud.google.com	Direct	Direct
NetworkSecurityMirroringEndpointGroup	networksecurity.cnrm.cloud.google.com	Direct	Direct
NetworkSecuritySACRealm	networksecurity.cnrm.cloud.google.com	Direct	Direct
NetworkSecuritySecurityProfile	networksecurity.cnrm.cloud.google.com	Direct	Direct
NetworkSecuritySecurityProfileGroup	networksecurity.cnrm.cloud.google.com	Direct	Direct
NetworkSecurityServerTLSPolicy	networksecurity.cnrm.cloud.google.com	DCL	DCL
NetworkSecurityTLSInspectionPolicy	networksecurity.cnrm.cloud.google.com	Direct	Direct
NetworkSecurityURLList	networksecurity.cnrm.cloud.google.com	Direct	Direct
NetworkServicesAuthzExtension	networkservices.cnrm.cloud.google.com	Direct	Direct
NetworkServicesEdgeCacheKeyset	networkservices.cnrm.cloud.google.com	Terraform	Terraform
NetworkServicesEdgeCacheOrigin	networkservices.cnrm.cloud.google.com	Terraform	Terraform
NetworkServicesEdgeCacheService	networkservices.cnrm.cloud.google.com	Terraform	Terraform
NetworkServicesEndpointPolicy	networkservices.cnrm.cloud.google.com	DCL	DCL
NetworkServicesGRPCRoute	networkservices.cnrm.cloud.google.com	DCL	DCL
NetworkServicesGateway	networkservices.cnrm.cloud.google.com	DCL	DCL+Direct
NetworkServicesHTTPRoute	networkservices.cnrm.cloud.google.com	DCL	DCL+Direct
NetworkServicesLBRouteExtension	networkservices.cnrm.cloud.google.com	Direct	Direct
NetworkServicesMesh	networkservices.cnrm.cloud.google.com	DCL	DCL
NetworkServicesServiceBinding	networkservices.cnrm.cloud.google.com	Direct	Direct
NetworkServicesTCPRoute	networkservices.cnrm.cloud.google.com	DCL	DCL
NetworkServicesTLSRoute	networkservices.cnrm.cloud.google.com	DCL	DCL
NetworkServicesWasmPlugin	networkservices.cnrm.cloud.google.com	Direct	Direct
NotebookInstance	notebooks.cnrm.cloud.google.com	Direct	Direct
NotebookInstanceV2	notebooks.cnrm.cloud.google.com	Direct	Direct
NotebooksEnvironment	notebooks.cnrm.cloud.google.com	Direct	Direct
NotebooksExecution	notebooks.cnrm.cloud.google.com	Direct	Direct
NotebooksSchedule	notebooks.cnrm.cloud.google.com	Direct	Direct
OrgPolicyCustomConstraint	orgpolicy.cnrm.cloud.google.com	Direct	Direct
OrgPolicyPolicy	orgpolicy.cnrm.cloud.google.com	Direct	Direct
OSConfigGuestPolicy	osconfig.cnrm.cloud.google.com	DCL	DCL
OSConfigOSPolicyAssignment	osconfig.cnrm.cloud.google.com	DCL	DCL
OSConfigPatchDeployment	osconfig.cnrm.cloud.google.com	Terraform	Terraform
OSLoginSSHPublicKey	oslogin.cnrm.cloud.google.com	Terraform	Terraform
ParameterManagerParameter	parametermanager.cnrm.cloud.google.com	Direct	Direct
ParameterManagerParameterVersion	parametermanager.cnrm.cloud.google.com	Direct	Direct
PrivateCACAPool	privateca.cnrm.cloud.google.com	DCL	DCL+Direct
PrivateCACertificate	privateca.cnrm.cloud.google.com	DCL	DCL
PrivateCACertificateAuthority	privateca.cnrm.cloud.google.com	DCL	DCL+Direct
PrivateCACertificateTemplate	privateca.cnrm.cloud.google.com	DCL	DCL+Direct
PrivilegedAccessManagerEntitlement	privilegedaccessmanager.cnrm.cloud.google.com	Direct	Direct
PubSubSchema	pubsub.cnrm.cloud.google.com	Terraform	Direct+Terraform
PubSubSnapshot	pubsub.cnrm.cloud.google.com	Direct	Direct
PubSubSubscription	pubsub.cnrm.cloud.google.com	Terraform	Direct+Terraform
PubSubTopic	pubsub.cnrm.cloud.google.com	Terraform	Direct+Terraform
PubSubLiteReservation	pubsublite.cnrm.cloud.google.com	Terraform	Terraform
PubSubLiteSubscription	pubsublite.cnrm.cloud.google.com	Terraform	Terraform
PubSubLiteTopic	pubsublite.cnrm.cloud.google.com	Terraform	Terraform
RapidMigrationAssessmentCollector	rapidmigrationassessment.cnrm.cloud.google.com	Direct	Direct
ReCAPTCHAEnterpriseFirewallPolicy	recaptchaenterprise.cnrm.cloud.google.com	Direct	Direct
RecaptchaEnterpriseKey	recaptchaenterprise.cnrm.cloud.google.com	DCL	DCL+Direct
RedisCluster	redis.cnrm.cloud.google.com	Direct	Direct
RedisInstance	redis.cnrm.cloud.google.com	Terraform	Direct+Terraform
Folder	resourcemanager.cnrm.cloud.google.com	Terraform	Terraform
Project	resourcemanager.cnrm.cloud.google.com	Terraform	Terraform
ResourceManagerLien	resourcemanager.cnrm.cloud.google.com	Terraform	Terraform
ResourceManagerPolicy	resourcemanager.cnrm.cloud.google.com	Terraform	Terraform
RunJob	run.cnrm.cloud.google.com	Terraform	Direct+Terraform
RunService	run.cnrm.cloud.google.com	Terraform	Terraform
SaasServiceMgmtRelease	saasservicemgmt.cnrm.cloud.google.com	Direct	Direct
SecretManagerSecret	secretmanager.cnrm.cloud.google.com	Terraform	Direct+Terraform
SecretManagerSecretVersion	secretmanager.cnrm.cloud.google.com	Terraform	Direct+Terraform
SecureSourceManagerInstance	securesourcemanager.cnrm.cloud.google.com	Direct	Direct
SecureSourceManagerRepository	securesourcemanager.cnrm.cloud.google.com	Direct	Direct
SecurityCenterBigQueryExport	securitycenter.cnrm.cloud.google.com	Direct	Direct
SecurityCenterMuteConfig	securitycenter.cnrm.cloud.google.com	Direct	Direct
SecurityCenterNotificationConfig	securitycenter.cnrm.cloud.google.com	Terraform	Terraform
SecurityCenterSource	securitycenter.cnrm.cloud.google.com	Terraform	Terraform
SecurityCenterManagementEventThreatDetectionCustomModule	securitycentermanagement.cnrm.cloud.google.com	Direct	Direct
ServiceDirectoryEndpoint	servicedirectory.cnrm.cloud.google.com	Terraform	Direct+Terraform
ServiceDirectoryNamespace	servicedirectory.cnrm.cloud.google.com	Terraform	Direct+Terraform
ServiceDirectoryService	servicedirectory.cnrm.cloud.google.com	Terraform	Direct+Terraform
ServiceNetworkingConnection	servicenetworking.cnrm.cloud.google.com	Terraform	Terraform
ServiceNetworkingPeeredDNSDomain	servicenetworking.cnrm.cloud.google.com	Direct	Direct
Service	serviceusage.cnrm.cloud.google.com	Terraform	Direct+Terraform
ServiceIdentity	serviceusage.cnrm.cloud.google.com	Terraform	Direct+Terraform
ServiceUsageConsumerQuotaOverride	serviceusage.cnrm.cloud.google.com	Terraform	Terraform
SourceRepoRepository	sourcerepo.cnrm.cloud.google.com	Terraform	Terraform
SpannerBackupSchedule	spanner.cnrm.cloud.google.com	Direct	Direct
SpannerDatabase	spanner.cnrm.cloud.google.com	Terraform	Terraform
SpannerInstance	spanner.cnrm.cloud.google.com	Terraform	Direct+Terraform
SpannerInstanceConfig	spanner.cnrm.cloud.google.com	Direct	Direct
SpeechCustomClass	speech.cnrm.cloud.google.com	Direct	Direct
SpeechPhraseSet	speech.cnrm.cloud.google.com	Direct	Direct
SpeechRecognizer	speech.cnrm.cloud.google.com	Direct	Direct
SQLDatabase	sql.cnrm.cloud.google.com	Terraform	Terraform
SQLInstance	sql.cnrm.cloud.google.com	Direct	Direct
SQLSSLCert	sql.cnrm.cloud.google.com	Terraform	Terraform
SQLUser	sql.cnrm.cloud.google.com	Terraform	Terraform
StorageAnywhereCache	storage.cnrm.cloud.google.com	Direct	Direct
StorageBucket	storage.cnrm.cloud.google.com	Terraform	Terraform
StorageBucketAccessControl	storage.cnrm.cloud.google.com	Terraform	Terraform
StorageDefaultObjectAccessControl	storage.cnrm.cloud.google.com	Terraform	Terraform
StorageFolder	storage.cnrm.cloud.google.com	Direct	Direct
StorageHMACKey	storage.cnrm.cloud.google.com	Terraform	Terraform
StorageManagedFolder	storage.cnrm.cloud.google.com	Direct	Direct
StorageNotification	storage.cnrm.cloud.google.com	Terraform	Terraform
StorageInsightsDatasetConfig	storageinsights.cnrm.cloud.google.com	Direct	Direct
StorageTransferAgentPool	storagetransfer.cnrm.cloud.google.com	Terraform	Terraform
StorageTransferJob	storagetransfer.cnrm.cloud.google.com	Terraform	Terraform
TagsLocationTagBinding	tags.cnrm.cloud.google.com	Direct	Direct+Terraform
TagsTagBinding	tags.cnrm.cloud.google.com	Terraform	Direct+Terraform
TagsTagKey	tags.cnrm.cloud.google.com	Terraform	Direct+Terraform
TagsTagValue	tags.cnrm.cloud.google.com	Terraform	Direct+Terraform
TPUNode	tpu.cnrm.cloud.google.com	Terraform	Terraform
VectorSearchCollection	vectorsearch.cnrm.cloud.google.com	Direct	Direct
VertexAIDataset	vertexai.cnrm.cloud.google.com	Terraform	Terraform
VertexAIDeploymentResourcePool	vertexai.cnrm.cloud.google.com	Direct	Direct
VertexAIEndpoint	vertexai.cnrm.cloud.google.com	Terraform	Terraform
VertexAIExampleStore	vertexai.cnrm.cloud.google.com	Direct	Direct
VertexAIFeatureGroup	vertexai.cnrm.cloud.google.com	Direct	Direct
VertexAIFeaturestore	vertexai.cnrm.cloud.google.com	Direct	Direct
VertexAIFeaturestoreEntityType	vertexai.cnrm.cloud.google.com	Terraform	Terraform
VertexAIFeaturestoreEntityTypeFeature	vertexai.cnrm.cloud.google.com	Terraform	Terraform
VertexAIIndex	vertexai.cnrm.cloud.google.com	Terraform	Terraform
VertexAIIndexEndpoint	vertexai.cnrm.cloud.google.com	Terraform	Terraform
VertexAIMetadataStore	vertexai.cnrm.cloud.google.com	Direct	Direct
VertexAITensorboard	vertexai.cnrm.cloud.google.com	Direct	Direct+Terraform
VertexAITensorboardExperiment	vertexai.cnrm.cloud.google.com	Direct	Direct
VideoStitcherCDNKey	videostitcher.cnrm.cloud.google.com	Direct	Direct
VisionProduct	vision.cnrm.cloud.google.com	Direct	Direct
VMwareEngineExternalAccessRule	vmwareengine.cnrm.cloud.google.com	Direct	Direct
VMwareEngineExternalAddress	vmwareengine.cnrm.cloud.google.com	Direct	Direct
VMwareEngineNetwork	vmwareengine.cnrm.cloud.google.com	Direct	Direct
VMwareEngineNetworkPeering	vmwareengine.cnrm.cloud.google.com	Direct	Direct
VMwareEngineNetworkPolicy	vmwareengine.cnrm.cloud.google.com	Direct	Direct
VMwareEnginePrivateCloud	vmwareengine.cnrm.cloud.google.com	Direct	Direct
VMwareEnginePrivateConnection	vmwareengine.cnrm.cloud.google.com	Direct	Direct
VPCAccessConnector	vpcaccess.cnrm.cloud.google.com	Terraform	Terraform
WorkflowsExecution	workflowexecutions.cnrm.cloud.google.com	Direct	Direct
WorkflowsWorkflow	workflows.cnrm.cloud.google.com	Direct	Direct
WorkloadManagerEvaluation	workloadmanager.cnrm.cloud.google.com	Direct	Direct
Workstation	workstations.cnrm.cloud.google.com	Direct	Direct
WorkstationCluster	workstations.cnrm.cloud.google.com	Direct	Direct
WorkstationConfig	workstations.cnrm.cloud.google.com	Direct	Direct