BigQueryMigrationMigrationWorkflow	36	0	-36
NetworkServicesWasmPlugin	8	0	-8
DataLineageProcess	1	0	-1
AIPlatformModel	0	20	+20
ComputeAutoscaler	0	29	+29
ComputeBackendServiceSignedURLKey	0	9	+9
ComputeFutureReservation	0	13	+13
ComputeMachineImage	0	4	+4
ComputeNetworkAttachment	0	13	+13
ComputeNetworkEdgeSecurityService	0	4	+4
ComputeNetworkEndpoint	0	9	+9
ComputeOrganizationSecurityPolicy	0	2	+2
ComputeRegionPerInstanceConfig	0	26	+26
ComputeRegionSSLPolicy	0	1	+1
VertexAITrainingPipeline	0	20	+20
