AIPlatformModel	aiplatform	apis/aiplatform/v1alpha1/aiplatformmodel_types.go	config/crds/resources/apiextensions.k8s.io_v1_customresourcedefinition_aiplatformmodels.aiplatform.cnrm.cloud.google.com.yaml	pointer
APIHubAPI	apihub	apis/apihub/v1alpha1/apihubapi_types.go	config/crds/resources/apiextensions.k8s.io_v1_customresourcedefinition_apihubapis.apihub.cnrm.cloud.google.com.yaml	pointer
APIHubDeployment	apihub	apis/apihub/v1alpha1/apihubdeployment_types.go	config/crds/resources/apiextensions.k8s.io_v1_customresourcedefinition_apihubdeployments.apihub.cnrm.cloud.google.com.yaml	pointer
APIHubExternalAPI	apihub	apis/apihub/v1alpha1/apihubexternalapi_types.go	config/crds/resources/apiextensions.k8s.io_v1_customresourcedefinition_apihubexternalapis.apihub.cnrm.cloud.google.com.yaml	pointer
APIHubInstance	apihub	apis/apihub/v1alpha1/apihubinstance_types.go	config/crds/resources/apiextensions.k8s.io_v1_customresourcedefinition_apihubinstances.apihub.cnrm.cloud.google.com.yaml	pointer
APIHubPlugin	apihub	apis/apihub/v1alpha1/apihubplugin_types.go	config/crds/resources/apiextensions.k8s.io_v1_customresourcedefinition_apihubplugins.apihub.cnrm.cloud.google.com.yaml	pointer
APIHubRuntimeProjectAttachment	apihub	apis/apihub/v1alpha1/apihubruntimeprojectattachment_types.go	config/crds/resources/apiextensions.k8s.io_v1_customresourcedefinition_apihubruntimeprojectattachments.apihub.cnrm.cloud.google.com.yaml	value
APIKeysKey	apikeys	apis/apikeys/v1alpha1/apikeyskey_types.go	config/crds/resources/apiextensions.k8s.io_v1_customresourcedefinition_apikeyskeys.apikeys.cnrm.cloud.google.com.yaml	absent
AnalyticsAccount	analytics	apis/analytics/v1alpha1/analyticsaccount_types.go	config/crds/resources/apiextensions.k8s.io_v1_customresourcedefinition_analyticsaccounts.analytics.cnrm.cloud.google.com.yaml	absent
ApigeeRegistryAPI	apigeeregistry	apis/apigeeregistry/v1alpha1/apigeeregistryapi_types.go	config/crds/resources/apiextensions.k8s.io_v1_customresourcedefinition_apigeeregistryapis.apigeeregistry.cnrm.cloud.google.com.yaml	pointer
ApigeeRegistryInstance	apigeeregistry	apis/apigeeregistry/v1alpha1/apigeeregistryinstance_types.go	config/crds/resources/apiextensions.k8s.io_v1_customresourcedefinition_apigeeregistryinstances.apigeeregistry.cnrm.cloud.google.com.yaml	pointer
AppHubDiscoveredService	apphub	apis/apphub/v1alpha1/apphubdiscoveredservice_types.go	config/crds/resources/apiextensions.k8s.io_v1_customresourcedefinition_apphubdiscoveredservices.apphub.cnrm.cloud.google.com.yaml	pointer
AppHubDiscoveredWorkload	apphub	apis/apphub/v1alpha1/apphubdiscoveredworkload_types.go	config/crds/resources/apiextensions.k8s.io_v1_customresourcedefinition_apphubdiscoveredworkloads.apphub.cnrm.cloud.google.com.yaml	value
AppHubServiceProjectAttachment	apphub	apis/apphub/v1alpha1/apphubserviceprojectattachment_types.go	config/crds/resources/apiextensions.k8s.io_v1_customresourcedefinition_apphubserviceprojectattachments.apphub.cnrm.cloud.google.com.yaml	pointer
AppOptimizeReport	appoptimize	apis/appoptimize/v1alpha1/appoptimizereport_types.go	config/crds/resources/apiextensions.k8s.io_v1_customresourcedefinition_appoptimizereports.appoptimize.cnrm.cloud.google.com.yaml	pointer
AssuredWorkloadsWorkload	assuredworkloads	apis/assuredworkloads/v1alpha1/assuredworkloadsworkload_types.go	config/crds/resources/apiextensions.k8s.io_v1_customresourcedefinition_assuredworkloadsworkloads.assuredworkloads.cnrm.cloud.google.com.yaml	absent
AutoMLDataset	automl	apis/automl/v1alpha1/automldataset_types.go	config/crds/resources/apiextensions.k8s.io_v1_customresourcedefinition_automldatasets.automl.cnrm.cloud.google.com.yaml	value
BackupDRManagementServer	backupdr	apis/backupdr/v1alpha1/backupdrmanagementserver_types.go	config/crds/resources/apiextensions.k8s.io_v1_customresourcedefinition_backupdrmanagementservers.backupdr.cnrm.cloud.google.com.yaml	value
BatchJob	batch	apis/batch/v1alpha1/batchjob_types.go	config/crds/resources/apiextensions.k8s.io_v1_customresourcedefinition_batchjobs.batch.cnrm.cloud.google.com.yaml	absent
BatchTask	batch	apis/batch/v1alpha1/batchtask_types.go	config/crds/resources/apiextensions.k8s.io_v1_customresourcedefinition_batchtasks.batch.cnrm.cloud.google.com.yaml	pointer
BeyondCorpClientConnectorService	beyondcorp	apis/beyondcorp/v1alpha1/beyondcorpclientconnectorservice_types.go	config/crds/resources/apiextensions.k8s.io_v1_customresourcedefinition_beyondcorpclientconnectorservices.beyondcorp.cnrm.cloud.google.com.yaml	pointer
BeyondCorpClientGateway	beyondcorp	apis/beyondcorp/v1alpha1/beyondcorpclientgateway_types.go	config/crds/resources/apiextensions.k8s.io_v1_customresourcedefinition_beyondcorpclientgateways.beyondcorp.cnrm.cloud.google.com.yaml	value
BigLakeCatalog	bigquerybiglake	apis/bigquerybiglake/v1alpha1/biglakecatalog_types.go	config/crds/resources/apiextensions.k8s.io_v1_customresourcedefinition_biglakecatalogs.bigquerybiglake.cnrm.cloud.google.com.yaml	value
BigLakeDatabase	bigquerybiglake	apis/bigquerybiglake/v1alpha1/biglakedatabase_types.go	config/crds/resources/apiextensions.k8s.io_v1_customresourcedefinition_biglakedatabases.bigquerybiglake.cnrm.cloud.google.com.yaml	absent
BigQueryDataPolicy	bigquerydatapolicy	apis/bigquerydatapolicy/v1alpha1/bigquerydatapolicy_types.go	config/crds/resources/apiextensions.k8s.io_v1_customresourcedefinition_bigquerydatapolicies.bigquerydatapolicy.cnrm.cloud.google.com.yaml	value
BigQueryMigrationMigrationWorkflow	bigquerymigration	apis/bigquerymigration/v1alpha1/bigquerymigrationmigrationworkflow_types.go	config/crds/resources/apiextensions.k8s.io_v1_customresourcedefinition_bigquerymigrationmigrationworkflows.bigquerymigration.cnrm.cloud.google.com.yaml	value
BigQueryReservationCapacityCommitment	bigqueryreservation	apis/bigqueryreservation/v1alpha1/bigqueryreservationcapacitycommitment_types.go	config/crds/resources/apiextensions.k8s.io_v1_customresourcedefinition_bigqueryreservationcapacitycommitments.bigqueryreservation.cnrm.cloud.google.com.yaml	value
BigtableAuthorizedView	bigtable	apis/bigtable/v1alpha1/bigtableauthorizedview_types.go	config/crds/resources/apiextensions.k8s.io_v1_customresourcedefinition_bigtableauthorizedviews.bigtable.cnrm.cloud.google.com.yaml	absent
BigtableBackup	bigtable	apis/bigtable/v1alpha1/bigtablebackup_types.go	config/crds/resources/apiextensions.k8s.io_v1_customresourcedefinition_bigtablebackups.bigtable.cnrm.cloud.google.com.yaml	absent
BigtableCluster	bigtable	apis/bigtable/v1alpha1/bigtablecluster_types.go	config/crds/resources/apiextensions.k8s.io_v1_customresourcedefinition_bigtableclusters.bigtable.cnrm.cloud.google.com.yaml	pointer
BigtableLogicalView	bigtable	apis/bigtable/v1alpha1/bigtablelogicalview_types.go	config/crds/resources/apiextensions.k8s.io_v1_customresourcedefinition_bigtablelogicalviews.bigtable.cnrm.cloud.google.com.yaml	absent
BigtableMaterializedView	bigtable	apis/bigtable/v1alpha1/bigtablematerializedview_types.go	config/crds/resources/apiextensions.k8s.io_v1_customresourcedefinition_bigtablematerializedviews.bigtable.cnrm.cloud.google.com.yaml	absent
BillingAccount	billing	apis/billing/v1alpha1/billingaccount_types.go	config/crds/resources/apiextensions.k8s.io_v1_customresourcedefinition_billingaccounts.billing.cnrm.cloud.google.com.yaml	absent
BlockchainNodeEngineBlockchainNode	blockchainnodeengine	apis/blockchainnodeengine/v1alpha1/blockchainnodeengineblockchainnode_types.go	config/crds/resources/apiextensions.k8s.io_v1_customresourcedefinition_blockchainnodeengineblockchainnodes.blockchainnodeengine.cnrm.cloud.google.com.yaml	pointer
CCInsightsConversation	contactcenterinsights	apis/contactcenterinsights/v1alpha1/ccinsightsconversation_types.go	config/crds/resources/apiextensions.k8s.io_v1_customresourcedefinition_ccinsightsconversations.contactcenterinsights.cnrm.cloud.google.com.yaml	pointer
CCInsightsIssueModel	contactcenterinsights	apis/contactcenterinsights/v1alpha1/ccinsightsissuemodel_types.go	config/crds/resources/apiextensions.k8s.io_v1_customresourcedefinition_ccinsightsissuemodels.contactcenterinsights.cnrm.cloud.google.com.yaml	value
CCInsightsPhraseMatcher	contactcenterinsights	apis/contactcenterinsights/v1alpha1/ccinsightsphrasematcher_types.go	config/crds/resources/apiextensions.k8s.io_v1_customresourcedefinition_ccinsightsphrasematchers.contactcenterinsights.cnrm.cloud.google.com.yaml	pointer
CCInsightsQAScorecard	contactcenterinsights	apis/contactcenterinsights/v1alpha1/ccinsightsqascorecard_types.go	config/crds/resources/apiextensions.k8s.io_v1_customresourcedefinition_ccinsightsqascorecards.contactcenterinsights.cnrm.cloud.google.com.yaml	pointer
CCInsightsView	contactcenterinsights	apis/contactcenterinsights/v1alpha1/ccinsightsview_types.go	config/crds/resources/apiextensions.k8s.io_v1_customresourcedefinition_ccinsightsviews.contactcenterinsights.cnrm.cloud.google.com.yaml	pointer
CESApp	ces	apis/ces/v1alpha1/cesapp_types.go	config/crds/resources/apiextensions.k8s.io_v1_customresourcedefinition_cesapps.ces.cnrm.cloud.google.com.yaml	pointer
CertificateManagerCertificateIssuanceConfig	certificatemanager	apis/certificatemanager/v1alpha1/certificatemanagercertificateissuanceconfig_types.go	config/crds/resources/apiextensions.k8s.io_v1_customresourcedefinition_certificatemanagercertificateissuanceconfigs.certificatemanager.cnrm.cloud.google.com.yaml	value
CertificateManagerTrustConfig	certificatemanager	apis/certificatemanager/v1alpha1/certificatemanagertrustconfig_types.go	config/crds/resources/apiextensions.k8s.io_v1_customresourcedefinition_certificatemanagertrustconfigs.certificatemanager.cnrm.cloud.google.com.yaml	pointer
CloudBatchResourceAllowance	batch	apis/batch/v1alpha1/cloudbatchresourceallowance_types.go	config/crds/resources/apiextensions.k8s.io_v1_customresourcedefinition_cloudbatchresourceallowances.batch.cnrm.cloud.google.com.yaml	pointer
CloudBuildConnection	cloudbuild	apis/cloudbuild/v1alpha1/cloudbuildconnection_types.go	config/crds/resources/apiextensions.k8s.io_v1_customresourcedefinition_cloudbuildconnections.cloudbuild.cnrm.cloud.google.com.yaml	pointer
CloudDMSConversionWorkspace	clouddms	apis/clouddms/v1alpha1/clouddmsconversionworkspace_types.go	config/crds/resources/apiextensions.k8s.io_v1_customresourcedefinition_clouddmsconversionworkspaces.clouddms.cnrm.cloud.google.com.yaml	value
CloudDMSMigrationJob	clouddms	apis/clouddms/v1alpha1/clouddmsmigrationjob_types.go	config/crds/resources/apiextensions.k8s.io_v1_customresourcedefinition_clouddmsmigrationjobs.clouddms.cnrm.cloud.google.com.yaml	absent
CloudDMSPrivateConnection	clouddms	apis/clouddms/v1alpha1/clouddmsprivateconnection_types.go	config/crds/resources/apiextensions.k8s.io_v1_customresourcedefinition_clouddmsprivateconnections.clouddms.cnrm.cloud.google.com.yaml	value
CloudDeployAutomation	clouddeploy	apis/clouddeploy/v1alpha1/clouddeployautomation_types.go	config/crds/resources/apiextensions.k8s.io_v1_customresourcedefinition_clouddeployautomations.clouddeploy.cnrm.cloud.google.com.yaml	pointer
CloudDeployCustomTargetType	clouddeploy	apis/clouddeploy/v1alpha1/clouddeploycustomtargettype_types.go	config/crds/resources/apiextensions.k8s.io_v1_customresourcedefinition_clouddeploycustomtargettypes.clouddeploy.cnrm.cloud.google.com.yaml	value
CloudDeployDeployPolicy	clouddeploy	apis/clouddeploy/v1alpha1/clouddeploydeploypolicy_types.go	config/crds/resources/apiextensions.k8s.io_v1_customresourcedefinition_clouddeploydeploypolicies.clouddeploy.cnrm.cloud.google.com.yaml	value
CloudDeployTarget	clouddeploy	apis/clouddeploy/v1alpha1/clouddeploytarget_types.go	config/crds/resources/apiextensions.k8s.io_v1_customresourcedefinition_clouddeploytargets.clouddeploy.cnrm.cloud.google.com.yaml	pointer
CloudSecurityComplianceCloudControl	cloudsecuritycompliance	apis/cloudsecuritycompliance/v1alpha1/cloudsecuritycompliancecloudcontrol_types.go	config/crds/resources/apiextensions.k8s.io_v1_customresourcedefinition_cloudsecuritycompliancecloudcontrols.cloudsecuritycompliance.cnrm.cloud.google.com.yaml	pointer
CloudSecurityComplianceFramework	cloudsecuritycompliance	apis/cloudsecuritycompliance/v1alpha1/cloudsecuritycomplianceframework_types.go	config/crds/resources/apiextensions.k8s.io_v1_customresourcedefinition_cloudsecuritycomplianceframeworks.cloudsecuritycompliance.cnrm.cloud.google.com.yaml	pointer
CloudSecurityFramework	cloudsecuritycompliance	apis/cloudsecuritycompliance/v1alpha1/cloudsecurityframework_types.go	config/crds/resources/apiextensions.k8s.io_v1_customresourcedefinition_cloudsecurityframeworks.cloudsecuritycompliance.cnrm.cloud.google.com.yaml	pointer
CloudTalentSolutionCompany	cloudtalentsolution	apis/cloudtalentsolution/v1alpha1/cloudtalentsolutioncompany_types.go	config/crds/resources/apiextensions.k8s.io_v1_customresourcedefinition_cloudtalentsolutioncompanies.cloudtalentsolution.cnrm.cloud.google.com.yaml	absent
ComputeAutoscaler	compute	apis/compute/v1alpha1/computeautoscaler_types.go	config/crds/resources/apiextensions.k8s.io_v1_customresourcedefinition_computeautoscalers.compute.cnrm.cloud.google.com.yaml	absent
ComputeBackendServiceSignedURLKey	compute	apis/compute/v1alpha1/computebackendservicesignedurlkey_types.go	config/crds/resources/apiextensions.k8s.io_v1_customresourcedefinition_computebackendservicesignedurlkeys.compute.cnrm.cloud.google.com.yaml	absent
ComputeFutureReservation	compute	apis/compute/v1alpha1/computefuturereservation_types.go	config/crds/resources/apiextensions.k8s.io_v1_customresourcedefinition_computefuturereservations.compute.cnrm.cloud.google.com.yaml	value
ComputeInterconnect	compute	apis/compute/v1alpha1/computeinterconnect_types.go	config/crds/resources/apiextensions.k8s.io_v1_customresourcedefinition_computeinterconnects.compute.cnrm.cloud.google.com.yaml	pointer
ComputeMachineImage	compute	apis/compute/v1alpha1/computemachineimage_types.go	config/crds/resources/apiextensions.k8s.io_v1_customresourcedefinition_computemachineimages.compute.cnrm.cloud.google.com.yaml	absent
ComputeNetworkAttachment	compute	apis/compute/v1alpha1/computenetworkattachment_types.go	config/crds/resources/apiextensions.k8s.io_v1_customresourcedefinition_computenetworkattachments.compute.cnrm.cloud.google.com.yaml	value
ComputeNetworkEdgeSecurityService	compute	apis/compute/v1alpha1/computenetworkedgesecurityservice_types.go	config/crds/resources/apiextensions.k8s.io_v1_customresourcedefinition_computenetworkedgesecurityservices.compute.cnrm.cloud.google.com.yaml	value
ComputeNetworkEndpoint	compute	apis/compute/v1alpha1/computenetworkendpoint_types.go	config/crds/resources/apiextensions.k8s.io_v1_customresourcedefinition_computenetworkendpoints.compute.cnrm.cloud.google.com.yaml	absent
ComputeOrganizationSecurityPolicy	compute	apis/compute/v1alpha1/computeorganizationsecuritypolicy_types.go	config/crds/resources/apiextensions.k8s.io_v1_customresourcedefinition_computeorganizationsecuritypolicies.compute.cnrm.cloud.google.com.yaml	absent
ComputeRegionPerInstanceConfig	compute	apis/compute/v1alpha1/computeregionperinstanceconfig_types.go	config/crds/resources/apiextensions.k8s.io_v1_customresourcedefinition_computeregionperinstanceconfigs.compute.cnrm.cloud.google.com.yaml	absent
ComputeRegionSSLPolicy	compute	apis/compute/v1alpha1/computeregionsslpolicy_types.go	config/crds/resources/apiextensions.k8s.io_v1_customresourcedefinition_computeregionsslpolicies.compute.cnrm.cloud.google.com.yaml	absent
ConfigDeliveryFleetPackage	configdelivery	apis/configdelivery/v1alpha1/configdeliveryfleetpackage_types.go	config/crds/resources/apiextensions.k8s.io_v1_customresourcedefinition_configdeliveryfleetpackages.configdelivery.cnrm.cloud.google.com.yaml	absent
ConfigDeliveryResourceBundle	configdelivery	apis/configdelivery/v1alpha1/configdeliveryresourcebundle_types.go	config/crds/resources/apiextensions.k8s.io_v1_customresourcedefinition_configdeliveryresourcebundles.configdelivery.cnrm.cloud.google.com.yaml	absent
ConfigDeploymentGroup	configdeployment	apis/configdeployment/v1alpha1/configdeploymentgroup_types.go	config/crds/resources/apiextensions.k8s.io_v1_customresourcedefinition_configdeploymentgroups.configdeployment.cnrm.cloud.google.com.yaml	pointer
ConnectorsConnection	connectors	apis/connectors/v1alpha1/connectorsconnection_types.go	config/crds/resources/apiextensions.k8s.io_v1_customresourcedefinition_connectorsconnections.connectors.cnrm.cloud.google.com.yaml	pointer
ContentWarehouseDocument	contentwarehouse	apis/contentwarehouse/v1alpha1/contentwarehousedocument_types.go	config/crds/resources/apiextensions.k8s.io_v1_customresourcedefinition_contentwarehousedocuments.contentwarehouse.cnrm.cloud.google.com.yaml	pointer
ContentWarehouseRuleSet	contentwarehouse	apis/contentwarehouse/v1alpha1/contentwarehouseruleset_types.go	config/crds/resources/apiextensions.k8s.io_v1_customresourcedefinition_contentwarehouserulesets.contentwarehouse.cnrm.cloud.google.com.yaml	pointer
ContentWarehouseSchema	contentwarehouse	apis/contentwarehouse/v1alpha1/contentwarehouseschema_types.go	config/crds/resources/apiextensions.k8s.io_v1_customresourcedefinition_contentwarehouseschemas.contentwarehouse.cnrm.cloud.google.com.yaml	pointer
ContentWarehouseSynonymSet	contentwarehouse	apis/contentwarehouse/v1alpha1/contentwarehousesynonymset_types.go	config/crds/resources/apiextensions.k8s.io_v1_customresourcedefinition_contentwarehousesynonymsets.contentwarehouse.cnrm.cloud.google.com.yaml	value
DLPConnection	dlp	apis/dlp/v1alpha1/dlpconnection_types.go	config/crds/resources/apiextensions.k8s.io_v1_customresourcedefinition_dlpconnections.dlp.cnrm.cloud.google.com.yaml	pointer
DLPDiscoveryConfig	dlp	apis/dlp/v1alpha1/dlpdiscoveryconfig_types.go	config/crds/resources/apiextensions.k8s.io_v1_customresourcedefinition_dlpdiscoveryconfigs.dlp.cnrm.cloud.google.com.yaml	pointer
DataCatalogEntry	datacatalog	apis/datacatalog/v1alpha1/datacatalogentry_types.go	config/crds/resources/apiextensions.k8s.io_v1_customresourcedefinition_datacatalogentries.datacatalog.cnrm.cloud.google.com.yaml	absent
DataCatalogEntryGroup	datacatalog	apis/datacatalog/v1alpha1/datacatalogentrygroup_types.go	config/crds/resources/apiextensions.k8s.io_v1_customresourcedefinition_datacatalogentrygroups.datacatalog.cnrm.cloud.google.com.yaml	value
DataCatalogTag	datacatalog	apis/datacatalog/v1alpha1/datacatalogtag_types.go	config/crds/resources/apiextensions.k8s.io_v1_customresourcedefinition_datacatalogtags.datacatalog.cnrm.cloud.google.com.yaml	absent
DataCatalogTagTemplate	datacatalog	apis/datacatalog/v1alpha1/datacatalogtagtemplate_types.go	config/crds/resources/apiextensions.k8s.io_v1_customresourcedefinition_datacatalogtagtemplates.datacatalog.cnrm.cloud.google.com.yaml	value
DataLabelingAnnotationSpecSet	datalabeling	apis/datalabeling/v1alpha1/datalabelingannotationspecset_types.go	config/crds/resources/apiextensions.k8s.io_v1_customresourcedefinition_datalabelingannotationspecsets.datalabeling.cnrm.cloud.google.com.yaml	absent
DataLabelingDataset	datalabeling	apis/datalabeling/v1alpha1/datalabelingdataset_types.go	config/crds/resources/apiextensions.k8s.io_v1_customresourcedefinition_datalabelingdatasets.datalabeling.cnrm.cloud.google.com.yaml	absent
DataLabelingEvaluationJob	datalabeling	apis/datalabeling/v1alpha1/datalabelingevaluationjob_types.go	config/crds/resources/apiextensions.k8s.io_v1_customresourcedefinition_datalabelingevaluationjobs.datalabeling.cnrm.cloud.google.com.yaml	absent
DataLabelingInstruction	datalabeling	apis/datalabeling/v1alpha1/datalabelinginstruction_types.go	config/crds/resources/apiextensions.k8s.io_v1_customresourcedefinition_datalabelinginstructions.datalabeling.cnrm.cloud.google.com.yaml	absent
DataLineageProcess	datalineage	apis/datalineage/v1alpha1/datalineageprocess_types.go	config/crds/resources/apiextensions.k8s.io_v1_customresourcedefinition_datalineageprocesses.datalineage.cnrm.cloud.google.com.yaml	pointer
DatabaseMigrationConversionWorkspace	datamigration	apis/datamigration/v1alpha1/databasemigrationconversionworkspace_types.go	config/crds/resources/apiextensions.k8s.io_v1_customresourcedefinition_databasemigrationconversionworkspaces.datamigration.cnrm.cloud.google.com.yaml	pointer
DatabaseMigrationMigrationJob	datamigration	apis/datamigration/v1alpha1/databasemigrationmigrationjob_types.go	config/crds/resources/apiextensions.k8s.io_v1_customresourcedefinition_databasemigrationmigrationjobs.datamigration.cnrm.cloud.google.com.yaml	pointer
DatabaseMigrationPrivateConnection	datamigration	apis/datamigration/v1alpha1/databasemigrationprivateconnection_types.go	config/crds/resources/apiextensions.k8s.io_v1_customresourcedefinition_databasemigrationprivateconnections.datamigration.cnrm.cloud.google.com.yaml	value
DataformFolder	dataform	apis/dataform/v1alpha1/dataformfolder_types.go	config/crds/resources/apiextensions.k8s.io_v1_customresourcedefinition_dataformfolders.dataform.cnrm.cloud.google.com.yaml	pointer
DataformTeamFolder	dataform	apis/dataform/v1alpha1/dataformteamfolder_types.go	config/crds/resources/apiextensions.k8s.io_v1_customresourcedefinition_dataformteamfolders.dataform.cnrm.cloud.google.com.yaml	pointer
DataplexAspectType	dataplex	apis/dataplex/v1alpha1/dataplexaspecttype_types.go	config/crds/resources/apiextensions.k8s.io_v1_customresourcedefinition_dataplexaspecttypes.dataplex.cnrm.cloud.google.com.yaml	absent
DataplexDataScan	dataplex	apis/dataplex/v1alpha1/dataplexdatascan_types.go	config/crds/resources/apiextensions.k8s.io_v1_customresourcedefinition_dataplexdatascans.dataplex.cnrm.cloud.google.com.yaml	pointer
DataplexDataTaxonomy	dataplex	apis/dataplex/v1alpha1/dataplexdatataxonomy_types.go	config/crds/resources/apiextensions.k8s.io_v1_customresourcedefinition_dataplexdatataxonomies.dataplex.cnrm.cloud.google.com.yaml	absent
DataplexEntryGroup	dataplex	apis/dataplex/v1alpha1/dataplexentrygroup_types.go	config/crds/resources/apiextensions.k8s.io_v1_customresourcedefinition_dataplexentrygroups.dataplex.cnrm.cloud.google.com.yaml	absent
DataplexEntryType	dataplex	apis/dataplex/v1alpha1/dataplexentrytype_types.go	config/crds/resources/apiextensions.k8s.io_v1_customresourcedefinition_dataplexentrytypes.dataplex.cnrm.cloud.google.com.yaml	absent
DataplexLake	dataplex	apis/dataplex/v1alpha1/dataplexlake_types.go	config/crds/resources/apiextensions.k8s.io_v1_customresourcedefinition_dataplexlakes.dataplex.cnrm.cloud.google.com.yaml	absent
DataplexMetadataJob	dataplex	apis/dataplex/v1alpha1/dataplexmetadatajob_types.go	config/crds/resources/apiextensions.k8s.io_v1_customresourcedefinition_dataplexmetadatajobs.dataplex.cnrm.cloud.google.com.yaml	pointer
DataplexTask	dataplex	apis/dataplex/v1alpha1/dataplextask_types.go	config/crds/resources/apiextensions.k8s.io_v1_customresourcedefinition_dataplextasks.dataplex.cnrm.cloud.google.com.yaml	absent
DataplexZone	dataplex	apis/dataplex/v1alpha1/dataplexzone_types.go	config/crds/resources/apiextensions.k8s.io_v1_customresourcedefinition_dataplexzones.dataplex.cnrm.cloud.google.com.yaml	absent
DataprocBatch	dataproc	apis/dataproc/v1alpha1/dataprocbatch_types.go	config/crds/resources/apiextensions.k8s.io_v1_customresourcedefinition_dataprocbatches.dataproc.cnrm.cloud.google.com.yaml	value
DataprocJob	dataproc	apis/dataproc/v1alpha1/dataprocjob_types.go	config/crds/resources/apiextensions.k8s.io_v1_customresourcedefinition_dataprocjobs.dataproc.cnrm.cloud.google.com.yaml	absent
DataprocNodeGroup	dataproc	apis/dataproc/v1alpha1/dataprocnodegroup_types.go	config/crds/resources/apiextensions.k8s.io_v1_customresourcedefinition_dataprocnodegroups.dataproc.cnrm.cloud.google.com.yaml	absent
DataprocSession	dataproc	apis/dataproc/v1alpha1/dataprocsession_types.go	config/crds/resources/apiextensions.k8s.io_v1_customresourcedefinition_dataprocsessions.dataproc.cnrm.cloud.google.com.yaml	pointer
DataprocSessionTemplate	dataproc	apis/dataproc/v1alpha1/dataprocsessiontemplate_types.go	config/crds/resources/apiextensions.k8s.io_v1_customresourcedefinition_dataprocsessiontemplates.dataproc.cnrm.cloud.google.com.yaml	pointer
DatastreamConnectionProfile	datastream	apis/datastream/v1alpha1/datastreamconnectionprofile_types.go	config/crds/resources/apiextensions.k8s.io_v1_customresourcedefinition_datastreamconnectionprofiles.datastream.cnrm.cloud.google.com.yaml	absent
DatastreamPrivateConnection	datastream	apis/datastream/v1alpha1/datastreamprivateconnection_types.go	config/crds/resources/apiextensions.k8s.io_v1_customresourcedefinition_datastreamprivateconnections.datastream.cnrm.cloud.google.com.yaml	value
DatastreamRoute	datastream	apis/datastream/v1alpha1/datastreamroute_types.go	config/crds/resources/apiextensions.k8s.io_v1_customresourcedefinition_datastreamroutes.datastream.cnrm.cloud.google.com.yaml	absent
DevConnectAccountConnector	developerconnect	apis/developerconnect/v1alpha1/devconnectaccountconnector_types.go	config/crds/resources/apiextensions.k8s.io_v1_customresourcedefinition_devconnectaccountconnectors.developerconnect.cnrm.cloud.google.com.yaml	pointer
DevConnectConnection	developerconnect	apis/developerconnect/v1alpha1/devconnectconnection_types.go	config/crds/resources/apiextensions.k8s.io_v1_customresourcedefinition_devconnectconnections.developerconnect.cnrm.cloud.google.com.yaml	pointer
DevConnectInsightsConfig	developerconnect	apis/developerconnect/v1alpha1/devconnectinsightsconfig_types.go	config/crds/resources/apiextensions.k8s.io_v1_customresourcedefinition_devconnectinsightsconfigs.developerconnect.cnrm.cloud.google.com.yaml	pointer
DialogflowConversationDataset	dialogflow	apis/dialogflow/v1alpha1/dialogflowconversationdataset_types.go	config/crds/resources/apiextensions.k8s.io_v1_customresourcedefinition_dialogflowconversationdatasets.dialogflow.cnrm.cloud.google.com.yaml	pointer
DialogflowGenerator	dialogflow	apis/dialogflow/v1alpha1/dialogflowgenerator_types.go	config/crds/resources/apiextensions.k8s.io_v1_customresourcedefinition_dialogflowgenerators.dialogflow.cnrm.cloud.google.com.yaml	pointer
DialogflowKnowledgeBase	dialogflow	apis/dialogflow/v1alpha1/dialogflowknowledgebase_types.go	config/crds/resources/apiextensions.k8s.io_v1_customresourcedefinition_dialogflowknowledgebases.dialogflow.cnrm.cloud.google.com.yaml	pointer
DialogflowSecuritySettings	dialogflow	apis/dialogflow/v1alpha1/dialogflowsecuritysettings_types.go	config/crds/resources/apiextensions.k8s.io_v1_customresourcedefinition_dialogflowsecuritysettings.dialogflow.cnrm.cloud.google.com.yaml	pointer
DialogflowSipTrunk	dialogflow	apis/dialogflow/v1alpha1/dialogflowsiptrunk_types.go	config/crds/resources/apiextensions.k8s.io_v1_customresourcedefinition_dialogflowsiptrunks.dialogflow.cnrm.cloud.google.com.yaml	pointer
DiscoveryEngineControl	discoveryengine	apis/discoveryengine/v1alpha1/discoveryenginecontrol_types.go	config/crds/resources/apiextensions.k8s.io_v1_customresourcedefinition_discoveryenginecontrols.discoveryengine.cnrm.cloud.google.com.yaml	pointer
DiscoveryEngineConversation	discoveryengine	apis/discoveryengine/v1alpha1/discoveryengineconversation_types.go	config/crds/resources/apiextensions.k8s.io_v1_customresourcedefinition_discoveryengineconversations.discoveryengine.cnrm.cloud.google.com.yaml	value
DiscoveryEngineDataStore	discoveryengine	apis/discoveryengine/v1alpha1/discoveryenginedatastore_types.go	config/crds/resources/apiextensions.k8s.io_v1_customresourcedefinition_discoveryenginedatastores.discoveryengine.cnrm.cloud.google.com.yaml	value
DiscoveryEngineDataStoreTargetSite	discoveryengine	apis/discoveryengine/v1alpha1/discoveryenginedatastoretargetsite_types.go	config/crds/resources/apiextensions.k8s.io_v1_customresourcedefinition_discoveryenginedatastoretargetsites.discoveryengine.cnrm.cloud.google.com.yaml	absent
DiscoveryEngineEngine	discoveryengine	apis/discoveryengine/v1alpha1/discoveryengineengine_types.go	config/crds/resources/apiextensions.k8s.io_v1_customresourcedefinition_discoveryengineengines.discoveryengine.cnrm.cloud.google.com.yaml	value
DiscoveryEngineIdentityMappingStore	discoveryengine	apis/discoveryengine/v1alpha1/discoveryengineidentitymappingstore_types.go	config/crds/resources/apiextensions.k8s.io_v1_customresourcedefinition_discoveryengineidentitymappingstores.discoveryengine.cnrm.cloud.google.com.yaml	value
DiscoveryEngineLicenseConfig	discoveryengine	apis/discoveryengine/v1alpha1/discoveryenginelicenseconfig_types.go	config/crds/resources/apiextensions.k8s.io_v1_customresourcedefinition_discoveryenginelicenseconfigs.discoveryengine.cnrm.cloud.google.com.yaml	value
DiscoveryEngineSampleQuery	discoveryengine	apis/discoveryengine/v1alpha1/discoveryenginesamplequery_types.go	config/crds/resources/apiextensions.k8s.io_v1_customresourcedefinition_discoveryenginesamplequeries.discoveryengine.cnrm.cloud.google.com.yaml	pointer
DiscoveryEngineSampleQuerySet	discoveryengine	apis/discoveryengine/v1alpha1/discoveryenginesamplequeryset_types.go	config/crds/resources/apiextensions.k8s.io_v1_customresourcedefinition_discoveryenginesamplequerysets.discoveryengine.cnrm.cloud.google.com.yaml	value
DiscoveryEngineSearchEngine	discoveryengine	apis/discoveryengine/v1alpha1/discoveryenginesearchengine_types.go	config/crds/resources/apiextensions.k8s.io_v1_customresourcedefinition_discoveryenginesearchengines.discoveryengine.cnrm.cloud.google.com.yaml	absent
DiscoveryEngineServingConfig	discoveryengine	apis/discoveryengine/v1alpha1/discoveryengineservingconfig_types.go	config/crds/resources/apiextensions.k8s.io_v1_customresourcedefinition_discoveryengineservingconfigs.discoveryengine.cnrm.cloud.google.com.yaml	value
DiscoveryEngineSession	discoveryengine	apis/discoveryengine/v1alpha1/discoveryenginesession_types.go	config/crds/resources/apiextensions.k8s.io_v1_customresourcedefinition_discoveryenginesessions.discoveryengine.cnrm.cloud.google.com.yaml	pointer
DiscoveryEngineUserStore	discoveryengine	apis/discoveryengine/v1alpha1/discoveryengineuserstore_types.go	config/crds/resources/apiextensions.k8s.io_v1_customresourcedefinition_discoveryengineuserstores.discoveryengine.cnrm.cloud.google.com.yaml	pointer
DocumentAIProcessor	documentai	apis/documentai/v1alpha1/documentaiprocessor_types.go	config/crds/resources/apiextensions.k8s.io_v1_customresourcedefinition_documentaiprocessors.documentai.cnrm.cloud.google.com.yaml	value
EdgeContainerMachine	edgecontainer	apis/edgecontainer/v1alpha1/edgecontainermachine_types.go	config/crds/resources/apiextensions.k8s.io_v1_customresourcedefinition_edgecontainermachines.edgecontainer.cnrm.cloud.google.com.yaml	value
EventarcChannel	eventarc	apis/eventarc/v1alpha1/eventarcchannel_types.go	config/crds/resources/apiextensions.k8s.io_v1_customresourcedefinition_eventarcchannels.eventarc.cnrm.cloud.google.com.yaml	value
EventarcChannelConnection	eventarc	apis/eventarc/v1alpha1/eventarcchannelconnection_types.go	config/crds/resources/apiextensions.k8s.io_v1_customresourcedefinition_eventarcchannelconnections.eventarc.cnrm.cloud.google.com.yaml	absent
EventarcEnrollment	eventarc	apis/eventarc/v1alpha1/eventarcenrollment_types.go	config/crds/resources/apiextensions.k8s.io_v1_customresourcedefinition_eventarcenrollments.eventarc.cnrm.cloud.google.com.yaml	pointer
EventarcGoogleAPISource	eventarc	apis/eventarc/v1alpha1/eventarcgoogleapisource_types.go	config/crds/resources/apiextensions.k8s.io_v1_customresourcedefinition_eventarcgoogleapisources.eventarc.cnrm.cloud.google.com.yaml	pointer
EventarcGoogleChannelConfig	eventarc	apis/eventarc/v1alpha1/eventarcgooglechannelconfig_types.go	config/crds/resources/apiextensions.k8s.io_v1_customresourcedefinition_eventarcgooglechannelconfigs.eventarc.cnrm.cloud.google.com.yaml	absent
FirestoreBackupSchedule	firestore	apis/firestore/v1alpha1/firestorebackupschedule_types.go	config/crds/resources/apiextensions.k8s.io_v1_customresourcedefinition_firestorebackupschedules.firestore.cnrm.cloud.google.com.yaml	absent
FirestoreDocument	firestore	apis/firestore/v1alpha1/firestoredocument_types.go	config/crds/resources/apiextensions.k8s.io_v1_customresourcedefinition_firestoredocuments.firestore.cnrm.cloud.google.com.yaml	absent
FirestoreField	firestore	apis/firestore/v1alpha1/firestorefield_types.go	config/crds/resources/apiextensions.k8s.io_v1_customresourcedefinition_firestorefields.firestore.cnrm.cloud.google.com.yaml	absent
GKEBackupBackup	gkebackup	apis/gkebackup/v1alpha1/gkebackupbackup_types.go	config/crds/resources/apiextensions.k8s.io_v1_customresourcedefinition_gkebackupbackups.gkebackup.cnrm.cloud.google.com.yaml	absent
GKEBackupBackupChannel	gkebackup	apis/gkebackup/v1alpha1/gkebackupbackupchannel_types.go	config/crds/resources/apiextensions.k8s.io_v1_customresourcedefinition_gkebackupbackupchannels.gkebackup.cnrm.cloud.google.com.yaml	value
GKEBackupBackupPlan	gkebackup	apis/gkebackup/v1alpha1/gkebackupbackupplan_types.go	config/crds/resources/apiextensions.k8s.io_v1_customresourcedefinition_gkebackupbackupplans.gkebackup.cnrm.cloud.google.com.yaml	value
GKEBackupRestore	gkebackup	apis/gkebackup/v1alpha1/gkebackuprestore_types.go	config/crds/resources/apiextensions.k8s.io_v1_customresourcedefinition_gkebackuprestores.gkebackup.cnrm.cloud.google.com.yaml	absent
GKEBackupRestorePlan	gkebackup	apis/gkebackup/v1alpha1/gkebackuprestoreplan_types.go	config/crds/resources/apiextensions.k8s.io_v1_customresourcedefinition_gkebackuprestoreplans.gkebackup.cnrm.cloud.google.com.yaml	absent
GKEHubFleet	gkehub	apis/gkehub/v1alpha1/gkehubfleet_types.go	config/crds/resources/apiextensions.k8s.io_v1_customresourcedefinition_gkehubfleets.gkehub.cnrm.cloud.google.com.yaml	pointer
GKEMulticloudAttachedCluster	gkemulticloud	apis/gkemulticloud/v1alpha1/gkemulticloudattachedcluster_types.go	config/crds/resources/apiextensions.k8s.io_v1_customresourcedefinition_gkemulticloudattachedclusters.gkemulticloud.cnrm.cloud.google.com.yaml	pointer
GeminiDataAnalyticsConversation	geminidataanalytics	apis/geminidataanalytics/v1alpha1/geminidataanalyticsconversation_types.go	config/crds/resources/apiextensions.k8s.io_v1_customresourcedefinition_geminidataanalyticsconversations.geminidataanalytics.cnrm.cloud.google.com.yaml	value
GrafeasNote	grafeas	apis/grafeas/v1alpha1/grafeasnote_types.go	config/crds/resources/apiextensions.k8s.io_v1_customresourcedefinition_grafeasnotes.grafeas.cnrm.cloud.google.com.yaml	absent
HypercomputeClusterCluster	hypercomputecluster	apis/hypercomputecluster/v1alpha1/hypercomputeclustercluster_types.go	config/crds/resources/apiextensions.k8s.io_v1_customresourcedefinition_hypercomputeclusterclusters.hypercomputecluster.cnrm.cloud.google.com.yaml	value
IAMDenyPolicy	iam	apis/iam/v1alpha1/iamdenypolicy_types.go	config/crds/resources/apiextensions.k8s.io_v1_customresourcedefinition_iamdenypolicies.iam.cnrm.cloud.google.com.yaml	absent
KMSCryptoKeyVersion	kms	apis/kms/v1alpha1/kmscryptokeyversion_types.go	config/crds/resources/apiextensions.k8s.io_v1_customresourcedefinition_kmscryptokeyversions.kms.cnrm.cloud.google.com.yaml	absent
KMSKeyRingImportJob	kms	apis/kms/v1alpha1/kmskeyringimportjob_types.go	config/crds/resources/apiextensions.k8s.io_v1_customresourcedefinition_kmskeyringimportjobs.kms.cnrm.cloud.google.com.yaml	absent
LicenseManagerConfiguration	licensemanager	apis/licensemanager/v1alpha1/licensemanagerconfiguration_types.go	config/crds/resources/apiextensions.k8s.io_v1_customresourcedefinition_licensemanagerconfigurations.licensemanager.cnrm.cloud.google.com.yaml	value
LiveStreamAsset	livestream	apis/livestream/v1alpha1/livestreamasset_types.go	config/crds/resources/apiextensions.k8s.io_v1_customresourcedefinition_livestreamassets.livestream.cnrm.cloud.google.com.yaml	pointer
ManagedKafkaConnectCluster	managedkafka	apis/managedkafka/v1alpha1/managedkafkaconnectcluster_types.go	config/crds/resources/apiextensions.k8s.io_v1_customresourcedefinition_managedkafkaconnectclusters.managedkafka.cnrm.cloud.google.com.yaml	pointer
ManagedKafkaConsumerGroup	managedkafka	apis/managedkafka/v1alpha1/managedkafkaconsumergroup_types.go	config/crds/resources/apiextensions.k8s.io_v1_customresourcedefinition_managedkafkaconsumergroups.managedkafka.cnrm.cloud.google.com.yaml	value
MapManagementMapConfig	mapmanagement	apis/mapmanagement/v1alpha1/mapmanagementmapconfig_types.go	config/crds/resources/apiextensions.k8s.io_v1_customresourcedefinition_mapmanagementmapconfigs.mapmanagement.cnrm.cloud.google.com.yaml	absent
MigrationCenterGroup	migrationcenter	apis/migrationcenter/v1alpha1/migrationcentergroup_types.go	config/crds/resources/apiextensions.k8s.io_v1_customresourcedefinition_migrationcentergroups.migrationcenter.cnrm.cloud.google.com.yaml	value
ModelArmorTemplate	modelarmor	apis/modelarmor/v1alpha1/modelarmortemplate_types.go	config/crds/resources/apiextensions.k8s.io_v1_customresourcedefinition_modelarmortemplates.modelarmor.cnrm.cloud.google.com.yaml	pointer
NetAppBackupPolicy	netapp	apis/netapp/v1alpha1/netappbackuppolicy_types.go	config/crds/resources/apiextensions.k8s.io_v1_customresourcedefinition_netappbackuppolicies.netapp.cnrm.cloud.google.com.yaml	value
NetAppBackupVault	netapp	apis/netapp/v1alpha1/netappbackupvault_types.go	config/crds/resources/apiextensions.k8s.io_v1_customresourcedefinition_netappbackupvaults.netapp.cnrm.cloud.google.com.yaml	value
NetworkConnectivityInternalRange	networkconnectivity	apis/networkconnectivity/v1alpha1/networkconnectivityinternalrange_types.go	config/crds/resources/apiextensions.k8s.io_v1_customresourcedefinition_networkconnectivityinternalranges.networkconnectivity.cnrm.cloud.google.com.yaml	value
NetworkConnectivityMulticloudDataTransferConfig	networkconnectivity	apis/networkconnectivity/v1alpha1/networkconnectivitymulticlouddatatransferconfig_types.go	config/crds/resources/apiextensions.k8s.io_v1_customresourcedefinition_networkconnectivitymulticlouddatatransferconfigs.networkconnectivity.cnrm.cloud.google.com.yaml	pointer
NetworkConnectivityRegionalEndpoint	networkconnectivity	apis/networkconnectivity/v1alpha1/networkconnectivityregionalendpoint_types.go	config/crds/resources/apiextensions.k8s.io_v1_customresourcedefinition_networkconnectivityregionalendpoints.networkconnectivity.cnrm.cloud.google.com.yaml	pointer
NetworkConnectivityServiceConnectionPolicy	networkconnectivity	apis/networkconnectivity/v1alpha1/networkconnectivityserviceconnectionpolicy_types.go	config/crds/resources/apiextensions.k8s.io_v1_customresourcedefinition_networkconnectivityserviceconnectionpolicies.networkconnectivity.cnrm.cloud.google.com.yaml	pointer
NetworkManagementConnectivityTest	networkmanagement	apis/networkmanagement/v1alpha1/networkmanagementconnectivitytest_types.go	config/crds/resources/apiextensions.k8s.io_v1_customresourcedefinition_networkmanagementconnectivitytests.networkmanagement.cnrm.cloud.google.com.yaml	pointer
NetworkManagementVPCFlowLogsConfig	networkmanagement	apis/networkmanagement/v1alpha1/networkmanagementvpcflowlogsconfig_types.go	config/crds/resources/apiextensions.k8s.io_v1_customresourcedefinition_networkmanagementvpcflowlogsconfigs.networkmanagement.cnrm.cloud.google.com.yaml	pointer
NetworkSecurityAddressGroup	networksecurity	apis/networksecurity/v1alpha1/networksecurityaddressgroup_types.go	config/crds/resources/apiextensions.k8s.io_v1_customresourcedefinition_networksecurityaddressgroups.networksecurity.cnrm.cloud.google.com.yaml	pointer
NetworkSecurityAuthzPolicy	networksecurity	apis/networksecurity/v1alpha1/networksecurityauthzpolicy_types.go	config/crds/resources/apiextensions.k8s.io_v1_customresourcedefinition_networksecurityauthzpolicies.networksecurity.cnrm.cloud.google.com.yaml	pointer
NetworkSecurityBackendAuthenticationConfig	networksecurity	apis/networksecurity/v1alpha1/networksecuritybackendauthenticationconfig_types.go	config/crds/resources/apiextensions.k8s.io_v1_customresourcedefinition_networksecuritybackendauthenticationconfigs.networksecurity.cnrm.cloud.google.com.yaml	pointer
NetworkSecurityDNSThreatDetector	networksecurity	apis/networksecurity/v1alpha1/networksecuritydnsthreatdetector_types.go	config/crds/resources/apiextensions.k8s.io_v1_customresourcedefinition_networksecuritydnsthreatdetectors.networksecurity.cnrm.cloud.google.com.yaml	pointer
NetworkSecurityFirewallEndpoint	networksecurity	apis/networksecurity/v1alpha1/networksecurityfirewallendpoint_types.go	config/crds/resources/apiextensions.k8s.io_v1_customresourcedefinition_networksecurityfirewallendpoints.networksecurity.cnrm.cloud.google.com.yaml	value
NetworkSecurityFirewallEndpointAssociation	networksecurity	apis/networksecurity/v1alpha1/networksecurityfirewallendpointassociation_types.go	config/crds/resources/apiextensions.k8s.io_v1_customresourcedefinition_networksecurityfirewallendpointassociations.networksecurity.cnrm.cloud.google.com.yaml	pointer
NetworkSecurityGatewaySecurityPolicy	networksecurity	apis/networksecurity/v1alpha1/networksecuritygatewaysecuritypolicy_types.go	config/crds/resources/apiextensions.k8s.io_v1_customresourcedefinition_networksecuritygatewaysecuritypolicies.networksecurity.cnrm.cloud.google.com.yaml	value
NetworkSecurityInterceptDeployment	networksecurity	apis/networksecurity/v1alpha1/networksecurityinterceptdeployment_types.go	config/crds/resources/apiextensions.k8s.io_v1_customresourcedefinition_networksecurityinterceptdeployments.networksecurity.cnrm.cloud.google.com.yaml	pointer
NetworkSecurityInterceptEndpointGroup	networksecurity	apis/networksecurity/v1alpha1/networksecurityinterceptendpointgroup_types.go	config/crds/resources/apiextensions.k8s.io_v1_customresourcedefinition_networksecurityinterceptendpointgroups.networksecurity.cnrm.cloud.google.com.yaml	pointer
NetworkSecurityMirroringDeployment	networksecurity	apis/networksecurity/v1alpha1/networksecuritymirroringdeployment_types.go	config/crds/resources/apiextensions.k8s.io_v1_customresourcedefinition_networksecuritymirroringdeployments.networksecurity.cnrm.cloud.google.com.yaml	pointer
NetworkSecurityMirroringEndpointGroup	networksecurity	apis/networksecurity/v1alpha1/networksecuritymirroringendpointgroup_types.go	config/crds/resources/apiextensions.k8s.io_v1_customresourcedefinition_networksecuritymirroringendpointgroups.networksecurity.cnrm.cloud.google.com.yaml	pointer
NetworkSecurityPartnerSSEGateway	networksecurity	apis/networksecurity/v1alpha1/networksecuritypartnerssegateway_types.go	config/crds/resources/apiextensions.k8s.io_v1_customresourcedefinition_networksecuritypartnerssegateways.networksecurity.cnrm.cloud.google.com.yaml	pointer
NetworkSecurityPartnerSSERealm	networksecurity	apis/networksecurity/v1alpha1/networksecuritypartnersserealm_types.go	config/crds/resources/apiextensions.k8s.io_v1_customresourcedefinition_networksecuritypartnersserealms.networksecurity.cnrm.cloud.google.com.yaml	value
NetworkSecuritySACRealm	networksecurity	apis/networksecurity/v1alpha1/networksecuritysacrealm_types.go	config/crds/resources/apiextensions.k8s.io_v1_customresourcedefinition_networksecuritysacrealms.networksecurity.cnrm.cloud.google.com.yaml	pointer
NetworkSecuritySecurityProfile	networksecurity	apis/networksecurity/v1alpha1/networksecuritysecurityprofile_types.go	config/crds/resources/apiextensions.k8s.io_v1_customresourcedefinition_networksecuritysecurityprofiles.networksecurity.cnrm.cloud.google.com.yaml	pointer
NetworkSecuritySecurityProfileGroup	networksecurity	apis/networksecurity/v1alpha1/networksecuritysecurityprofilegroup_types.go	config/crds/resources/apiextensions.k8s.io_v1_customresourcedefinition_networksecuritysecurityprofilegroups.networksecurity.cnrm.cloud.google.com.yaml	pointer
NetworkSecurityTLSInspectionPolicy	networksecurity	apis/networksecurity/v1alpha1/networksecuritytlsinspectionpolicy_types.go	config/crds/resources/apiextensions.k8s.io_v1_customresourcedefinition_networksecuritytlsinspectionpolicies.networksecurity.cnrm.cloud.google.com.yaml	pointer
NetworkSecurityURLList	networksecurity	apis/networksecurity/v1alpha1/networksecurityurllist_types.go	config/crds/resources/apiextensions.k8s.io_v1_customresourcedefinition_networksecurityurllists.networksecurity.cnrm.cloud.google.com.yaml	pointer
NetworkServicesAuthzExtension	networkservices	apis/networkservices/v1alpha1/networkservicesauthzextension_types.go	config/crds/resources/apiextensions.k8s.io_v1_customresourcedefinition_networkservicesauthzextensions.networkservices.cnrm.cloud.google.com.yaml	absent
NetworkServicesLBRouteExtension	networkservices	apis/networkservices/v1alpha1/networkserviceslbrouteextension_types.go	config/crds/resources/apiextensions.k8s.io_v1_customresourcedefinition_networkserviceslbrouteextensions.networkservices.cnrm.cloud.google.com.yaml	absent
NetworkServicesLBTrafficExtension	networkservices	apis/networkservices/v1alpha1/networkserviceslbtrafficextension_types.go	config/crds/resources/apiextensions.k8s.io_v1_customresourcedefinition_networkserviceslbtrafficextensions.networkservices.cnrm.cloud.google.com.yaml	absent
NetworkServicesServiceBinding	networkservices	apis/networkservices/v1alpha1/networkservicesservicebinding_types.go	config/crds/resources/apiextensions.k8s.io_v1_customresourcedefinition_networkservicesservicebindings.networkservices.cnrm.cloud.google.com.yaml	value
NetworkServicesWasmPlugin	networkservices	apis/networkservices/v1alpha1/networkserviceswasmplugin_types.go	config/crds/resources/apiextensions.k8s.io_v1_customresourcedefinition_networkserviceswasmplugins.networkservices.cnrm.cloud.google.com.yaml	absent
NotebookInstanceV2	notebooks	apis/notebooks/v1alpha1/notebookinstancev2_types.go	config/crds/resources/apiextensions.k8s.io_v1_customresourcedefinition_notebookinstancev2s.notebooks.cnrm.cloud.google.com.yaml	value
NotebooksEnvironment	notebooks	apis/notebooks/v1alpha1/notebooksenvironment_types.go	config/crds/resources/apiextensions.k8s.io_v1_customresourcedefinition_notebooksenvironments.notebooks.cnrm.cloud.google.com.yaml	value
NotebooksExecution	notebooks	apis/notebooks/v1alpha1/notebooksexecution_types.go	config/crds/resources/apiextensions.k8s.io_v1_customresourcedefinition_notebooksexecutions.notebooks.cnrm.cloud.google.com.yaml	pointer
NotebooksSchedule	notebooks	apis/notebooks/v1alpha1/notebooksschedule_types.go	config/crds/resources/apiextensions.k8s.io_v1_customresourcedefinition_notebooksschedules.notebooks.cnrm.cloud.google.com.yaml	pointer
ParameterManagerParameter	parametermanager	apis/parametermanager/v1alpha1/parametermanagerparameter_types.go	config/crds/resources/apiextensions.k8s.io_v1_customresourcedefinition_parametermanagerparameters.parametermanager.cnrm.cloud.google.com.yaml	absent
ParameterManagerParameterVersion	parametermanager	apis/parametermanager/v1alpha1/parametermanagerparameterversion_types.go	config/crds/resources/apiextensions.k8s.io_v1_customresourcedefinition_parametermanagerparameterversions.parametermanager.cnrm.cloud.google.com.yaml	absent
RapidMigrationAssessmentCollector	rapidmigrationassessment	apis/rapidmigrationassessment/v1alpha1/rapidmigrationassessmentcollector_types.go	config/crds/resources/apiextensions.k8s.io_v1_customresourcedefinition_rapidmigrationassessmentcollectors.rapidmigrationassessment.cnrm.cloud.google.com.yaml	pointer
ReCAPTCHAEnterpriseFirewallPolicy	recaptchaenterprise	apis/recaptchaenterprise/v1alpha1/recaptchaenterprisefirewallpolicy_types.go	config/crds/resources/apiextensions.k8s.io_v1_customresourcedefinition_recaptchaenterprisefirewallpolicies.recaptchaenterprise.cnrm.cloud.google.com.yaml	absent
RunWorkerPool	run	apis/run/v1alpha1/runworkerpool_types.go	config/crds/resources/apiextensions.k8s.io_v1_customresourcedefinition_runworkerpools.run.cnrm.cloud.google.com.yaml	value
SQLAdminBackup	sqladmin	apis/sqladmin/v1alpha1/sqladminbackup_types.go	config/crds/resources/apiextensions.k8s.io_v1_customresourcedefinition_sqladminbackups.sqladmin.cnrm.cloud.google.com.yaml	pointer
SaasServiceMgmtRelease	saasservicemgmt	apis/saasservicemgmt/v1alpha1/saasservicemgmtrelease_types.go	config/crds/resources/apiextensions.k8s.io_v1_customresourcedefinition_saasservicemgmtreleases.saasservicemgmt.cnrm.cloud.google.com.yaml	pointer
SecurityCenterBigQueryExport	securitycenter	apis/securitycenter/v1alpha1/securitycenterbigqueryexport_types.go	config/crds/resources/apiextensions.k8s.io_v1_customresourcedefinition_securitycenterbigqueryexports.securitycenter.cnrm.cloud.google.com.yaml	pointer
SecurityCenterManagementEventThreatDetectionCustomModule	securitycentermanagement	apis/securitycentermanagement/v1alpha1/securitycentermanagementeventthreatdetectioncustommodule_types.go	config/crds/resources/apiextensions.k8s.io_v1_customresourcedefinition_securitycentermanagementeventthreatdetectioncustommodules.securitycentermanagement.cnrm.cloud.google.com.yaml	pointer
SecurityCenterMuteConfig	securitycenter	apis/securitycenter/v1alpha1/securitycentermuteconfig_types.go	config/crds/resources/apiextensions.k8s.io_v1_customresourcedefinition_securitycentermuteconfigs.securitycenter.cnrm.cloud.google.com.yaml	absent
ServiceNetworkingPeeredDNSDomain	servicenetworking	apis/servicenetworking/v1alpha1/servicenetworkingpeereddnsdomain_types.go	config/crds/resources/apiextensions.k8s.io_v1_customresourcedefinition_servicenetworkingpeereddnsdomains.servicenetworking.cnrm.cloud.google.com.yaml	absent
StorageInsightsDatasetConfig	storageinsights	apis/storageinsights/v1alpha1/storageinsightsdatasetconfig_types.go	config/crds/resources/apiextensions.k8s.io_v1_customresourcedefinition_storageinsightsdatasetconfigs.storageinsights.cnrm.cloud.google.com.yaml	pointer
TPUVirtualMachine	tpu	apis/tpu/v1alpha1/tpuvirtualmachine_types.go	config/crds/resources/apiextensions.k8s.io_v1_customresourcedefinition_tpuvirtualmachines.tpu.cnrm.cloud.google.com.yaml	value
TasksQueue	cloudtasks	apis/cloudtasks/v1alpha1/tasksqueue_types.go	config/crds/resources/apiextensions.k8s.io_v1_customresourcedefinition_tasksqueues.cloudtasks.cnrm.cloud.google.com.yaml	pointer
TestingDeviceSession	testing	apis/testing/v1alpha1/testingdevicesession_types.go	config/crds/resources/apiextensions.k8s.io_v1_customresourcedefinition_testingdevicesessions.testing.cnrm.cloud.google.com.yaml	absent
TranscoderJob	transcoder	apis/transcoder/v1alpha1/transcoderjob_types.go	config/crds/resources/apiextensions.k8s.io_v1_customresourcedefinition_transcoderjobs.transcoder.cnrm.cloud.google.com.yaml	value
TranslateAdaptiveMtDataset	translate	apis/translate/v1alpha1/translateadaptivemtdataset_types.go	config/crds/resources/apiextensions.k8s.io_v1_customresourcedefinition_translateadaptivemtdatasets.translate.cnrm.cloud.google.com.yaml	pointer
VMwareEngineExternalAccessRule	vmwareengine	apis/vmwareengine/v1alpha1/vmwareengineexternalaccessrule_types.go	config/crds/resources/apiextensions.k8s.io_v1_customresourcedefinition_vmwareengineexternalaccessrules.vmwareengine.cnrm.cloud.google.com.yaml	absent
VMwareEngineNetwork	vmwareengine	apis/vmwareengine/v1alpha1/vmwareenginenetwork_types.go	config/crds/resources/apiextensions.k8s.io_v1_customresourcedefinition_vmwareenginenetworks.vmwareengine.cnrm.cloud.google.com.yaml	value
VMwareEngineNetworkPeering	vmwareengine	apis/vmwareengine/v1alpha1/vmwareenginenetworkpeering_types.go	config/crds/resources/apiextensions.k8s.io_v1_customresourcedefinition_vmwareenginenetworkpeerings.vmwareengine.cnrm.cloud.google.com.yaml	absent
VMwareEngineNetworkPolicy	vmwareengine	apis/vmwareengine/v1alpha1/vmwareenginenetworkpolicy_types.go	config/crds/resources/apiextensions.k8s.io_v1_customresourcedefinition_vmwareenginenetworkpolicies.vmwareengine.cnrm.cloud.google.com.yaml	absent
VMwareEnginePrivateCloud	vmwareengine	apis/vmwareengine/v1alpha1/vmwareengineprivatecloud_types.go	config/crds/resources/apiextensions.k8s.io_v1_customresourcedefinition_vmwareengineprivateclouds.vmwareengine.cnrm.cloud.google.com.yaml	absent
VMwareEnginePrivateConnection	vmwareengine	apis/vmwareengine/v1alpha1/vmwareengineprivateconnection_types.go	config/crds/resources/apiextensions.k8s.io_v1_customresourcedefinition_vmwareengineprivateconnections.vmwareengine.cnrm.cloud.google.com.yaml	absent
VectorSearchCollection	vectorsearch	apis/vectorsearch/v1alpha1/vectorsearchcollection_types.go	config/crds/resources/apiextensions.k8s.io_v1_customresourcedefinition_vectorsearchcollections.vectorsearch.cnrm.cloud.google.com.yaml	pointer
VertexAICustomJob	vertexai	apis/vertexai/v1alpha1/vertexaicustomjob_types.go	config/crds/resources/apiextensions.k8s.io_v1_customresourcedefinition_vertexaicustomjobs.vertexai.cnrm.cloud.google.com.yaml	pointer
VertexAIDataLabelingJob	vertexai	apis/vertexai/v1alpha1/vertexaidatalabelingjob_types.go	config/crds/resources/apiextensions.k8s.io_v1_customresourcedefinition_vertexaidatalabelingjobs.vertexai.cnrm.cloud.google.com.yaml	value
VertexAIDeploymentResourcePool	vertexai	apis/vertexai/v1alpha1/vertexaideploymentresourcepool_types.go	config/crds/resources/apiextensions.k8s.io_v1_customresourcedefinition_vertexaideploymentresourcepools.vertexai.cnrm.cloud.google.com.yaml	pointer
VertexAIExampleStore	vertexai	apis/vertexai/v1alpha1/vertexaiexamplestore_types.go	config/crds/resources/apiextensions.k8s.io_v1_customresourcedefinition_vertexaiexamplestores.vertexai.cnrm.cloud.google.com.yaml	pointer
VertexAIExtension	aiplatform	apis/aiplatform/v1alpha1/vertexaiextension_types.go	config/crds/resources/apiextensions.k8s.io_v1_customresourcedefinition_vertexaiextensions.aiplatform.cnrm.cloud.google.com.yaml	pointer
VertexAIFeatureGroup	vertexai	apis/vertexai/v1alpha1/vertexaifeaturegroup_types.go	config/crds/resources/apiextensions.k8s.io_v1_customresourcedefinition_vertexaifeaturegroups.vertexai.cnrm.cloud.google.com.yaml	pointer
VertexAIFeatureOnlineStore	aiplatform	apis/aiplatform/v1alpha1/vertexaifeatureonlinestore_types.go	config/crds/resources/apiextensions.k8s.io_v1_customresourcedefinition_vertexaifeatureonlinestores.aiplatform.cnrm.cloud.google.com.yaml	pointer
VertexAIFeaturestore	vertexai	apis/vertexai/v1alpha1/vertexaifeaturestore_types.go	config/crds/resources/apiextensions.k8s.io_v1_customresourcedefinition_vertexaifeaturestores.vertexai.cnrm.cloud.google.com.yaml	value
VertexAIPipelineJob	aiplatform	apis/aiplatform/v1alpha1/vertexaipipelinejob_types.go	config/crds/resources/apiextensions.k8s.io_v1_customresourcedefinition_vertexaipipelinejobs.aiplatform.cnrm.cloud.google.com.yaml	value
VertexAISchedule	aiplatform	apis/aiplatform/v1alpha1/vertexaischedule_types.go	config/crds/resources/apiextensions.k8s.io_v1_customresourcedefinition_vertexaischedules.aiplatform.cnrm.cloud.google.com.yaml	pointer
VertexAISpecialistPool	aiplatform	apis/aiplatform/v1alpha1/vertexaispecialistpool_types.go	config/crds/resources/apiextensions.k8s.io_v1_customresourcedefinition_vertexaispecialistpools.aiplatform.cnrm.cloud.google.com.yaml	pointer
VertexAIStudy	aiplatform	apis/aiplatform/v1alpha1/vertexaistudy_types.go	config/crds/resources/apiextensions.k8s.io_v1_customresourcedefinition_vertexaistudies.aiplatform.cnrm.cloud.google.com.yaml	pointer
VertexAITensorboard	vertexai	apis/vertexai/v1alpha1/vertexaitensorboard_types.go	config/crds/resources/apiextensions.k8s.io_v1_customresourcedefinition_vertexaitensorboards.vertexai.cnrm.cloud.google.com.yaml	absent
VertexAITensorboardExperiment	vertexai	apis/vertexai/v1alpha1/vertexaitensorboardexperiment_types.go	config/crds/resources/apiextensions.k8s.io_v1_customresourcedefinition_vertexaitensorboardexperiments.vertexai.cnrm.cloud.google.com.yaml	pointer
VertexAITrainingPipeline	aiplatform	apis/aiplatform/v1alpha1/vertexaitrainingpipeline_types.go	config/crds/resources/apiextensions.k8s.io_v1_customresourcedefinition_vertexaitrainingpipelines.aiplatform.cnrm.cloud.google.com.yaml	pointer
VertexAITuningJob	aiplatform	apis/aiplatform/v1alpha1/vertexaituningjob_types.go	config/crds/resources/apiextensions.k8s.io_v1_customresourcedefinition_vertexaituningjobs.aiplatform.cnrm.cloud.google.com.yaml	pointer
VideoStitcherCDNKey	videostitcher	apis/videostitcher/v1alpha1/videostitchercdnkey_types.go	config/crds/resources/apiextensions.k8s.io_v1_customresourcedefinition_videostitchercdnkeys.videostitcher.cnrm.cloud.google.com.yaml	value
VisionAIApplication	visionai	apis/visionai/v1alpha1/visionaiapplication_types.go	config/crds/resources/apiextensions.k8s.io_v1_customresourcedefinition_visionaiapplications.visionai.cnrm.cloud.google.com.yaml	pointer
VisionProduct	vision	apis/vision/v1alpha1/visionproduct_types.go	config/crds/resources/apiextensions.k8s.io_v1_customresourcedefinition_visionproducts.vision.cnrm.cloud.google.com.yaml	pointer
WorkflowsExecution	workflowexecutions	apis/workflowexecutions/v1alpha1/workflowsexecution_types.go	config/crds/resources/apiextensions.k8s.io_v1_customresourcedefinition_workflowsexecutions.workflowexecutions.cnrm.cloud.google.com.yaml	value
WorkflowsWorkflow	workflows	apis/workflows/v1alpha1/workflowsworkflow_types.go	config/crds/resources/apiextensions.k8s.io_v1_customresourcedefinition_workflowsworkflows.workflows.cnrm.cloud.google.com.yaml	value
WorkloadManagerEvaluation	workloadmanager	apis/workloadmanager/v1alpha1/workloadmanagerevaluation_types.go	config/crds/resources/apiextensions.k8s.io_v1_customresourcedefinition_workloadmanagerevaluations.workloadmanager.cnrm.cloud.google.com.yaml	pointer
