AIPlatformModel	config/crds/resources/apiextensions.k8s.io_v1_customresourcedefinition_aiplatformmodels.aiplatform.cnrm.cloud.google.com.yaml
APIGatewayAPI	config/crds/resources/apiextensions.k8s.io_v1_customresourcedefinition_apigatewayapis.apigateway.cnrm.cloud.google.com.yaml
APIGatewayAPIConfig	config/crds/resources/apiextensions.k8s.io_v1_customresourcedefinition_apigatewayapiconfigs.apigateway.cnrm.cloud.google.com.yaml
APIGatewayGateway	config/crds/resources/apiextensions.k8s.io_v1_customresourcedefinition_apigatewaygateways.apigateway.cnrm.cloud.google.com.yaml
APIHubAPI	config/crds/resources/apiextensions.k8s.io_v1_customresourcedefinition_apihubapis.apihub.cnrm.cloud.google.com.yaml
APIHubDeployment	config/crds/resources/apiextensions.k8s.io_v1_customresourcedefinition_apihubdeployments.apihub.cnrm.cloud.google.com.yaml
APIHubExternalAPI	config/crds/resources/apiextensions.k8s.io_v1_customresourcedefinition_apihubexternalapis.apihub.cnrm.cloud.google.com.yaml
APIHubInstance	config/crds/resources/apiextensions.k8s.io_v1_customresourcedefinition_apihubinstances.apihub.cnrm.cloud.google.com.yaml
APIHubPlugin	config/crds/resources/apiextensions.k8s.io_v1_customresourcedefinition_apihubplugins.apihub.cnrm.cloud.google.com.yaml
APIHubRuntimeProjectAttachment	config/crds/resources/apiextensions.k8s.io_v1_customresourcedefinition_apihubruntimeprojectattachments.apihub.cnrm.cloud.google.com.yaml
APIKeysKey	config/crds/resources/apiextensions.k8s.io_v1_customresourcedefinition_apikeyskeys.apikeys.cnrm.cloud.google.com.yaml
APIQuotaAdjusterSettings	config/crds/resources/apiextensions.k8s.io_v1_customresourcedefinition_apiquotaadjustersettings.cloudquota.cnrm.cloud.google.com.yaml
APIQuotaPreference	config/crds/resources/apiextensions.k8s.io_v1_customresourcedefinition_apiquotapreferences.cloudquota.cnrm.cloud.google.com.yaml
AccessContextManagerAccessLevel	config/crds/resources/apiextensions.k8s.io_v1_customresourcedefinition_accesscontextmanageraccesslevels.accesscontextmanager.cnrm.cloud.google.com.yaml
AccessContextManagerAccessLevelCondition	config/crds/resources/apiextensions.k8s.io_v1_customresourcedefinition_accesscontextmanageraccesslevelconditions.accesscontextmanager.cnrm.cloud.google.com.yaml
AccessContextManagerAccessPolicy	config/crds/resources/apiextensions.k8s.io_v1_customresourcedefinition_accesscontextmanageraccesspolicies.accesscontextmanager.cnrm.cloud.google.com.yaml
AccessContextManagerGCPUserAccessBinding	config/crds/resources/apiextensions.k8s.io_v1_customresourcedefinition_accesscontextmanagergcpuseraccessbindings.accesscontextmanager.cnrm.cloud.google.com.yaml
AccessContextManagerServicePerimeter	config/crds/resources/apiextensions.k8s.io_v1_customresourcedefinition_accesscontextmanagerserviceperimeters.accesscontextmanager.cnrm.cloud.google.com.yaml
AccessContextManagerServicePerimeterResource	config/crds/resources/apiextensions.k8s.io_v1_customresourcedefinition_accesscontextmanagerserviceperimeterresources.accesscontextmanager.cnrm.cloud.google.com.yaml
AlloyDBBackup	config/crds/resources/apiextensions.k8s.io_v1_customresourcedefinition_alloydbbackups.alloydb.cnrm.cloud.google.com.yaml
AlloyDBCluster	config/crds/resources/apiextensions.k8s.io_v1_customresourcedefinition_alloydbclusters.alloydb.cnrm.cloud.google.com.yaml
AlloyDBInstance	config/crds/resources/apiextensions.k8s.io_v1_customresourcedefinition_alloydbinstances.alloydb.cnrm.cloud.google.com.yaml
AlloyDBUser	config/crds/resources/apiextensions.k8s.io_v1_customresourcedefinition_alloydbusers.alloydb.cnrm.cloud.google.com.yaml
AnalyticsAccount	config/crds/resources/apiextensions.k8s.io_v1_customresourcedefinition_analyticsaccounts.analytics.cnrm.cloud.google.com.yaml
ApigeeAPIProduct	config/crds/resources/apiextensions.k8s.io_v1_customresourcedefinition_apigeeapiproducts.apigee.cnrm.cloud.google.com.yaml
ApigeeAddonsConfig	config/crds/resources/apiextensions.k8s.io_v1_customresourcedefinition_apigeeaddonsconfigs.apigee.cnrm.cloud.google.com.yaml
ApigeeEndpointAttachment	config/crds/resources/apiextensions.k8s.io_v1_customresourcedefinition_apigeeendpointattachments.apigee.cnrm.cloud.google.com.yaml
ApigeeEnvgroup	config/crds/resources/apiextensions.k8s.io_v1_customresourcedefinition_apigeeenvgroups.apigee.cnrm.cloud.google.com.yaml
ApigeeEnvgroupAttachment	config/crds/resources/apiextensions.k8s.io_v1_customresourcedefinition_apigeeenvgroupattachments.apigee.cnrm.cloud.google.com.yaml
ApigeeEnvironment	config/crds/resources/apiextensions.k8s.io_v1_customresourcedefinition_apigeeenvironments.apigee.cnrm.cloud.google.com.yaml
ApigeeInstance	config/crds/resources/apiextensions.k8s.io_v1_customresourcedefinition_apigeeinstances.apigee.cnrm.cloud.google.com.yaml
ApigeeInstanceAttachment	config/crds/resources/apiextensions.k8s.io_v1_customresourcedefinition_apigeeinstanceattachments.apigee.cnrm.cloud.google.com.yaml
ApigeeNATAddress	config/crds/resources/apiextensions.k8s.io_v1_customresourcedefinition_apigeenataddresses.apigee.cnrm.cloud.google.com.yaml
ApigeeOrganization	config/crds/resources/apiextensions.k8s.io_v1_customresourcedefinition_apigeeorganizations.apigee.cnrm.cloud.google.com.yaml
ApigeeRegistryAPI	config/crds/resources/apiextensions.k8s.io_v1_customresourcedefinition_apigeeregistryapis.apigeeregistry.cnrm.cloud.google.com.yaml
ApigeeRegistryArtifact	config/crds/resources/apiextensions.k8s.io_v1_customresourcedefinition_apigeeregistryartifacts.apigeeregistry.cnrm.cloud.google.com.yaml
ApigeeRegistryInstance	config/crds/resources/apiextensions.k8s.io_v1_customresourcedefinition_apigeeregistryinstances.apigeeregistry.cnrm.cloud.google.com.yaml
ApigeeSyncAuthorization	config/crds/resources/apiextensions.k8s.io_v1_customresourcedefinition_apigeesyncauthorizations.apigee.cnrm.cloud.google.com.yaml
AppEngineDomainMapping	config/crds/resources/apiextensions.k8s.io_v1_customresourcedefinition_appenginedomainmappings.appengine.cnrm.cloud.google.com.yaml
AppEngineFirewallRule	config/crds/resources/apiextensions.k8s.io_v1_customresourcedefinition_appenginefirewallrules.appengine.cnrm.cloud.google.com.yaml
AppEngineFlexibleAppVersion	config/crds/resources/apiextensions.k8s.io_v1_customresourcedefinition_appengineflexibleappversions.appengine.cnrm.cloud.google.com.yaml
AppEngineServiceSplitTraffic	config/crds/resources/apiextensions.k8s.io_v1_customresourcedefinition_appengineservicesplittraffics.appengine.cnrm.cloud.google.com.yaml
AppEngineStandardAppVersion	config/crds/resources/apiextensions.k8s.io_v1_customresourcedefinition_appenginestandardappversions.appengine.cnrm.cloud.google.com.yaml
AppHubApplication	config/crds/resources/apiextensions.k8s.io_v1_customresourcedefinition_apphubapplications.apphub.cnrm.cloud.google.com.yaml
AppHubDiscoveredService	config/crds/resources/apiextensions.k8s.io_v1_customresourcedefinition_apphubdiscoveredservices.apphub.cnrm.cloud.google.com.yaml
AppHubDiscoveredWorkload	config/crds/resources/apiextensions.k8s.io_v1_customresourcedefinition_apphubdiscoveredworkloads.apphub.cnrm.cloud.google.com.yaml
AppHubServiceProjectAttachment	config/crds/resources/apiextensions.k8s.io_v1_customresourcedefinition_apphubserviceprojectattachments.apphub.cnrm.cloud.google.com.yaml
AppOptimizeReport	config/crds/resources/apiextensions.k8s.io_v1_customresourcedefinition_appoptimizereports.appoptimize.cnrm.cloud.google.com.yaml
ArtifactRegistryRepository	config/crds/resources/apiextensions.k8s.io_v1_customresourcedefinition_artifactregistryrepositories.artifactregistry.cnrm.cloud.google.com.yaml
ArtifactRegistryVPCSCConfig	config/crds/resources/apiextensions.k8s.io_v1_customresourcedefinition_artifactregistryvpcscconfigs.artifactregistry.cnrm.cloud.google.com.yaml
AssetFeed	config/crds/resources/apiextensions.k8s.io_v1_customresourcedefinition_assetfeeds.asset.cnrm.cloud.google.com.yaml
AssetSavedQuery	config/crds/resources/apiextensions.k8s.io_v1_customresourcedefinition_assetsavedqueries.asset.cnrm.cloud.google.com.yaml
AssuredWorkloadsWorkload	config/crds/resources/apiextensions.k8s.io_v1_customresourcedefinition_assuredworkloadsworkloads.assuredworkloads.cnrm.cloud.google.com.yaml
AutoMLDataset	config/crds/resources/apiextensions.k8s.io_v1_customresourcedefinition_automldatasets.automl.cnrm.cloud.google.com.yaml
BackupDRBackupPlan	config/crds/resources/apiextensions.k8s.io_v1_customresourcedefinition_backupdrbackupplans.backupdr.cnrm.cloud.google.com.yaml
BackupDRBackupPlanAssociation	config/crds/resources/apiextensions.k8s.io_v1_customresourcedefinition_backupdrbackupplanassociations.backupdr.cnrm.cloud.google.com.yaml
BackupDRBackupVault	config/crds/resources/apiextensions.k8s.io_v1_customresourcedefinition_backupdrbackupvaults.backupdr.cnrm.cloud.google.com.yaml
BackupDRManagementServer	config/crds/resources/apiextensions.k8s.io_v1_customresourcedefinition_backupdrmanagementservers.backupdr.cnrm.cloud.google.com.yaml
BatchJob	config/crds/resources/apiextensions.k8s.io_v1_customresourcedefinition_batchjobs.batch.cnrm.cloud.google.com.yaml
BatchTask	config/crds/resources/apiextensions.k8s.io_v1_customresourcedefinition_batchtasks.batch.cnrm.cloud.google.com.yaml
BeyondCorpAppConnection	config/crds/resources/apiextensions.k8s.io_v1_customresourcedefinition_beyondcorpappconnections.beyondcorp.cnrm.cloud.google.com.yaml
BeyondCorpAppConnector	config/crds/resources/apiextensions.k8s.io_v1_customresourcedefinition_beyondcorpappconnectors.beyondcorp.cnrm.cloud.google.com.yaml
BeyondCorpAppGateway	config/crds/resources/apiextensions.k8s.io_v1_customresourcedefinition_beyondcorpappgateways.beyondcorp.cnrm.cloud.google.com.yaml
BeyondCorpClientConnectorService	config/crds/resources/apiextensions.k8s.io_v1_customresourcedefinition_beyondcorpclientconnectorservices.beyondcorp.cnrm.cloud.google.com.yaml
BeyondCorpClientGateway	config/crds/resources/apiextensions.k8s.io_v1_customresourcedefinition_beyondcorpclientgateways.beyondcorp.cnrm.cloud.google.com.yaml
BigLakeCatalog	config/crds/resources/apiextensions.k8s.io_v1_customresourcedefinition_biglakecatalogs.bigquerybiglake.cnrm.cloud.google.com.yaml
BigLakeDatabase	config/crds/resources/apiextensions.k8s.io_v1_customresourcedefinition_biglakedatabases.bigquerybiglake.cnrm.cloud.google.com.yaml
BigLakeTable	config/crds/resources/apiextensions.k8s.io_v1_customresourcedefinition_biglaketables.bigquerybiglake.cnrm.cloud.google.com.yaml
BigQueryAnalyticsHubDataExchange	config/crds/resources/apiextensions.k8s.io_v1_customresourcedefinition_bigqueryanalyticshubdataexchanges.bigqueryanalyticshub.cnrm.cloud.google.com.yaml
BigQueryAnalyticsHubListing	config/crds/resources/apiextensions.k8s.io_v1_customresourcedefinition_bigqueryanalyticshublistings.bigqueryanalyticshub.cnrm.cloud.google.com.yaml
BigQueryConnectionConnection	config/crds/resources/apiextensions.k8s.io_v1_customresourcedefinition_bigqueryconnectionconnections.bigqueryconnection.cnrm.cloud.google.com.yaml
BigQueryDataPolicy	config/crds/resources/apiextensions.k8s.io_v1_customresourcedefinition_bigquerydatapolicies.bigquerydatapolicy.cnrm.cloud.google.com.yaml
BigQueryDataPolicyDataPolicy	config/crds/resources/apiextensions.k8s.io_v1_customresourcedefinition_bigquerydatapolicydatapolicies.bigquerydatapolicy.cnrm.cloud.google.com.yaml
BigQueryDataTransferConfig	config/crds/resources/apiextensions.k8s.io_v1_customresourcedefinition_bigquerydatatransferconfigs.bigquerydatatransfer.cnrm.cloud.google.com.yaml
BigQueryDataset	config/crds/resources/apiextensions.k8s.io_v1_customresourcedefinition_bigquerydatasets.bigquery.cnrm.cloud.google.com.yaml
BigQueryDatasetAccess	config/crds/resources/apiextensions.k8s.io_v1_customresourcedefinition_bigquerydatasetaccesses.bigquery.cnrm.cloud.google.com.yaml
BigQueryJob	config/crds/resources/apiextensions.k8s.io_v1_customresourcedefinition_bigqueryjobs.bigquery.cnrm.cloud.google.com.yaml
BigQueryMigrationMigrationWorkflow	config/crds/resources/apiextensions.k8s.io_v1_customresourcedefinition_bigquerymigrationmigrationworkflows.bigquerymigration.cnrm.cloud.google.com.yaml
BigQueryReservationAssignment	config/crds/resources/apiextensions.k8s.io_v1_customresourcedefinition_bigqueryreservationassignments.bigqueryreservation.cnrm.cloud.google.com.yaml
BigQueryReservationCapacityCommitment	config/crds/resources/apiextensions.k8s.io_v1_customresourcedefinition_bigqueryreservationcapacitycommitments.bigqueryreservation.cnrm.cloud.google.com.yaml
BigQueryReservationReservation	config/crds/resources/apiextensions.k8s.io_v1_customresourcedefinition_bigqueryreservationreservations.bigqueryreservation.cnrm.cloud.google.com.yaml
BigQueryRoutine	config/crds/resources/apiextensions.k8s.io_v1_customresourcedefinition_bigqueryroutines.bigquery.cnrm.cloud.google.com.yaml
BigQueryTable	config/crds/resources/apiextensions.k8s.io_v1_customresourcedefinition_bigquerytables.bigquery.cnrm.cloud.google.com.yaml
BigtableAppProfile	config/crds/resources/apiextensions.k8s.io_v1_customresourcedefinition_bigtableappprofiles.bigtable.cnrm.cloud.google.com.yaml
BigtableAuthorizedView	config/crds/resources/apiextensions.k8s.io_v1_customresourcedefinition_bigtableauthorizedviews.bigtable.cnrm.cloud.google.com.yaml
BigtableBackup	config/crds/resources/apiextensions.k8s.io_v1_customresourcedefinition_bigtablebackups.bigtable.cnrm.cloud.google.com.yaml
BigtableCluster	config/crds/resources/apiextensions.k8s.io_v1_customresourcedefinition_bigtableclusters.bigtable.cnrm.cloud.google.com.yaml
BigtableGCPolicy	config/crds/resources/apiextensions.k8s.io_v1_customresourcedefinition_bigtablegcpolicies.bigtable.cnrm.cloud.google.com.yaml
BigtableInstance	config/crds/resources/apiextensions.k8s.io_v1_customresourcedefinition_bigtableinstances.bigtable.cnrm.cloud.google.com.yaml
BigtableLogicalView	config/crds/resources/apiextensions.k8s.io_v1_customresourcedefinition_bigtablelogicalviews.bigtable.cnrm.cloud.google.com.yaml
BigtableMaterializedView	config/crds/resources/apiextensions.k8s.io_v1_customresourcedefinition_bigtablematerializedviews.bigtable.cnrm.cloud.google.com.yaml
BigtableTable	config/crds/resources/apiextensions.k8s.io_v1_customresourcedefinition_bigtabletables.bigtable.cnrm.cloud.google.com.yaml
BillingAccount	config/crds/resources/apiextensions.k8s.io_v1_customresourcedefinition_billingaccounts.billing.cnrm.cloud.google.com.yaml
BillingBudgetsBudget	config/crds/resources/apiextensions.k8s.io_v1_customresourcedefinition_billingbudgetsbudgets.billingbudgets.cnrm.cloud.google.com.yaml
BinaryAuthorizationAttestor	config/crds/resources/apiextensions.k8s.io_v1_customresourcedefinition_binaryauthorizationattestors.binaryauthorization.cnrm.cloud.google.com.yaml
BinaryAuthorizationPlatformPolicy	config/crds/resources/apiextensions.k8s.io_v1_customresourcedefinition_binaryauthorizationplatformpolicies.binaryauthorization.cnrm.cloud.google.com.yaml
BinaryAuthorizationPolicy	config/crds/resources/apiextensions.k8s.io_v1_customresourcedefinition_binaryauthorizationpolicies.binaryauthorization.cnrm.cloud.google.com.yaml
BlockchainNodeEngineBlockchainNode	config/crds/resources/apiextensions.k8s.io_v1_customresourcedefinition_blockchainnodeengineblockchainnodes.blockchainnodeengine.cnrm.cloud.google.com.yaml
CCInsightsConversation	config/crds/resources/apiextensions.k8s.io_v1_customresourcedefinition_ccinsightsconversations.contactcenterinsights.cnrm.cloud.google.com.yaml
CCInsightsIssueModel	config/crds/resources/apiextensions.k8s.io_v1_customresourcedefinition_ccinsightsissuemodels.contactcenterinsights.cnrm.cloud.google.com.yaml
CCInsightsPhraseMatcher	config/crds/resources/apiextensions.k8s.io_v1_customresourcedefinition_ccinsightsphrasematchers.contactcenterinsights.cnrm.cloud.google.com.yaml
CCInsightsQAScorecard	config/crds/resources/apiextensions.k8s.io_v1_customresourcedefinition_ccinsightsqascorecards.contactcenterinsights.cnrm.cloud.google.com.yaml
CCInsightsView	config/crds/resources/apiextensions.k8s.io_v1_customresourcedefinition_ccinsightsviews.contactcenterinsights.cnrm.cloud.google.com.yaml
CESApp	config/crds/resources/apiextensions.k8s.io_v1_customresourcedefinition_cesapps.ces.cnrm.cloud.google.com.yaml
CertificateManagerCertificate	config/crds/resources/apiextensions.k8s.io_v1_customresourcedefinition_certificatemanagercertificates.certificatemanager.cnrm.cloud.google.com.yaml
CertificateManagerCertificateIssuanceConfig	config/crds/resources/apiextensions.k8s.io_v1_customresourcedefinition_certificatemanagercertificateissuanceconfigs.certificatemanager.cnrm.cloud.google.com.yaml
CertificateManagerCertificateMap	config/crds/resources/apiextensions.k8s.io_v1_customresourcedefinition_certificatemanagercertificatemaps.certificatemanager.cnrm.cloud.google.com.yaml
CertificateManagerCertificateMapEntry	config/crds/resources/apiextensions.k8s.io_v1_customresourcedefinition_certificatemanagercertificatemapentries.certificatemanager.cnrm.cloud.google.com.yaml
CertificateManagerDNSAuthorization	config/crds/resources/apiextensions.k8s.io_v1_customresourcedefinition_certificatemanagerdnsauthorizations.certificatemanager.cnrm.cloud.google.com.yaml
CertificateManagerTrustConfig	config/crds/resources/apiextensions.k8s.io_v1_customresourcedefinition_certificatemanagertrustconfigs.certificatemanager.cnrm.cloud.google.com.yaml
CloudAssetFolderFeed	config/crds/resources/apiextensions.k8s.io_v1_customresourcedefinition_cloudassetfolderfeeds.cloudasset.cnrm.cloud.google.com.yaml
CloudAssetOrganizationFeed	config/crds/resources/apiextensions.k8s.io_v1_customresourcedefinition_cloudassetorganizationfeeds.cloudasset.cnrm.cloud.google.com.yaml
CloudAssetProjectFeed	config/crds/resources/apiextensions.k8s.io_v1_customresourcedefinition_cloudassetprojectfeeds.cloudasset.cnrm.cloud.google.com.yaml
CloudBatchResourceAllowance	config/crds/resources/apiextensions.k8s.io_v1_customresourcedefinition_cloudbatchresourceallowances.batch.cnrm.cloud.google.com.yaml
CloudBuildConnection	config/crds/resources/apiextensions.k8s.io_v1_customresourcedefinition_cloudbuildconnections.cloudbuild.cnrm.cloud.google.com.yaml
CloudBuildTrigger	config/crds/resources/apiextensions.k8s.io_v1_customresourcedefinition_cloudbuildtriggers.cloudbuild.cnrm.cloud.google.com.yaml
CloudBuildWorkerPool	config/crds/resources/apiextensions.k8s.io_v1_customresourcedefinition_cloudbuildworkerpools.cloudbuild.cnrm.cloud.google.com.yaml
CloudDMSConversionWorkspace	config/crds/resources/apiextensions.k8s.io_v1_customresourcedefinition_clouddmsconversionworkspaces.clouddms.cnrm.cloud.google.com.yaml
CloudDMSMigrationJob	config/crds/resources/apiextensions.k8s.io_v1_customresourcedefinition_clouddmsmigrationjobs.clouddms.cnrm.cloud.google.com.yaml
CloudDMSPrivateConnection	config/crds/resources/apiextensions.k8s.io_v1_customresourcedefinition_clouddmsprivateconnections.clouddms.cnrm.cloud.google.com.yaml
CloudDeployAutomation	config/crds/resources/apiextensions.k8s.io_v1_customresourcedefinition_clouddeployautomations.clouddeploy.cnrm.cloud.google.com.yaml
CloudDeployCustomTargetType	config/crds/resources/apiextensions.k8s.io_v1_customresourcedefinition_clouddeploycustomtargettypes.clouddeploy.cnrm.cloud.google.com.yaml
CloudDeployDeliveryPipeline	config/crds/resources/apiextensions.k8s.io_v1_customresourcedefinition_clouddeploydeliverypipelines.clouddeploy.cnrm.cloud.google.com.yaml
CloudDeployDeployPolicy	config/crds/resources/apiextensions.k8s.io_v1_customresourcedefinition_clouddeploydeploypolicies.clouddeploy.cnrm.cloud.google.com.yaml
CloudDeployTarget	config/crds/resources/apiextensions.k8s.io_v1_customresourcedefinition_clouddeploytargets.clouddeploy.cnrm.cloud.google.com.yaml
CloudFunctions2Function	config/crds/resources/apiextensions.k8s.io_v1_customresourcedefinition_cloudfunctions2functions.cloudfunctions2.cnrm.cloud.google.com.yaml
CloudFunctionsFunction	config/crds/resources/apiextensions.k8s.io_v1_customresourcedefinition_cloudfunctionsfunctions.cloudfunctions.cnrm.cloud.google.com.yaml
CloudIDSEndpoint	config/crds/resources/apiextensions.k8s.io_v1_customresourcedefinition_cloudidsendpoints.cloudids.cnrm.cloud.google.com.yaml
CloudIOTDevice	config/crds/resources/apiextensions.k8s.io_v1_customresourcedefinition_cloudiotdevices.cloudiot.cnrm.cloud.google.com.yaml
CloudIOTDeviceRegistry	config/crds/resources/apiextensions.k8s.io_v1_customresourcedefinition_cloudiotdeviceregistries.cloudiot.cnrm.cloud.google.com.yaml
CloudIdentityGroup	config/crds/resources/apiextensions.k8s.io_v1_customresourcedefinition_cloudidentitygroups.cloudidentity.cnrm.cloud.google.com.yaml
CloudIdentityMembership	config/crds/resources/apiextensions.k8s.io_v1_customresourcedefinition_cloudidentitymemberships.cloudidentity.cnrm.cloud.google.com.yaml
CloudSchedulerJob	config/crds/resources/apiextensions.k8s.io_v1_customresourcedefinition_cloudschedulerjobs.cloudscheduler.cnrm.cloud.google.com.yaml
CloudSecurityComplianceCloudControl	config/crds/resources/apiextensions.k8s.io_v1_customresourcedefinition_cloudsecuritycompliancecloudcontrols.cloudsecuritycompliance.cnrm.cloud.google.com.yaml
CloudSecurityComplianceFramework	config/crds/resources/apiextensions.k8s.io_v1_customresourcedefinition_cloudsecuritycomplianceframeworks.cloudsecuritycompliance.cnrm.cloud.google.com.yaml
CloudSecurityFramework	config/crds/resources/apiextensions.k8s.io_v1_customresourcedefinition_cloudsecurityframeworks.cloudsecuritycompliance.cnrm.cloud.google.com.yaml
CloudTalentSolutionCompany	config/crds/resources/apiextensions.k8s.io_v1_customresourcedefinition_cloudtalentsolutioncompanies.cloudtalentsolution.cnrm.cloud.google.com.yaml
ColabRuntime	config/crds/resources/apiextensions.k8s.io_v1_customresourcedefinition_colabruntimes.colab.cnrm.cloud.google.com.yaml
ColabRuntimeTemplate	config/crds/resources/apiextensions.k8s.io_v1_customresourcedefinition_colabruntimetemplates.colab.cnrm.cloud.google.com.yaml
ComposerEnvironment	config/crds/resources/apiextensions.k8s.io_v1_customresourcedefinition_composerenvironments.composer.cnrm.cloud.google.com.yaml
ComputeAddress	config/crds/resources/apiextensions.k8s.io_v1_customresourcedefinition_computeaddresses.compute.cnrm.cloud.google.com.yaml
ComputeAutoscaler	config/crds/resources/apiextensions.k8s.io_v1_customresourcedefinition_computeautoscalers.compute.cnrm.cloud.google.com.yaml
ComputeBackendBucket	config/crds/resources/apiextensions.k8s.io_v1_customresourcedefinition_computebackendbuckets.compute.cnrm.cloud.google.com.yaml
ComputeBackendBucketSignedURLKey	config/crds/resources/apiextensions.k8s.io_v1_customresourcedefinition_computebackendbucketsignedurlkeys.compute.cnrm.cloud.google.com.yaml
ComputeBackendService	config/crds/resources/apiextensions.k8s.io_v1_customresourcedefinition_computebackendservices.compute.cnrm.cloud.google.com.yaml
ComputeBackendServiceSignedURLKey	config/crds/resources/apiextensions.k8s.io_v1_customresourcedefinition_computebackendservicesignedurlkeys.compute.cnrm.cloud.google.com.yaml
ComputeDisk	config/crds/resources/apiextensions.k8s.io_v1_customresourcedefinition_computedisks.compute.cnrm.cloud.google.com.yaml
ComputeDiskResourcePolicyAttachment	config/crds/resources/apiextensions.k8s.io_v1_customresourcedefinition_computediskresourcepolicyattachments.compute.cnrm.cloud.google.com.yaml
ComputeExternalVPNGateway	config/crds/resources/apiextensions.k8s.io_v1_customresourcedefinition_computeexternalvpngateways.compute.cnrm.cloud.google.com.yaml
ComputeFirewall	config/crds/resources/apiextensions.k8s.io_v1_customresourcedefinition_computefirewalls.compute.cnrm.cloud.google.com.yaml
ComputeFirewallPolicy	config/crds/resources/apiextensions.k8s.io_v1_customresourcedefinition_computefirewallpolicies.compute.cnrm.cloud.google.com.yaml
ComputeFirewallPolicyAssociation	config/crds/resources/apiextensions.k8s.io_v1_customresourcedefinition_computefirewallpolicyassociations.compute.cnrm.cloud.google.com.yaml
ComputeFirewallPolicyRule	config/crds/resources/apiextensions.k8s.io_v1_customresourcedefinition_computefirewallpolicyrules.compute.cnrm.cloud.google.com.yaml
ComputeForwardingRule	config/crds/resources/apiextensions.k8s.io_v1_customresourcedefinition_computeforwardingrules.compute.cnrm.cloud.google.com.yaml
ComputeFutureReservation	config/crds/resources/apiextensions.k8s.io_v1_customresourcedefinition_computefuturereservations.compute.cnrm.cloud.google.com.yaml
ComputeGlobalNetworkEndpoint	config/crds/resources/apiextensions.k8s.io_v1_customresourcedefinition_computeglobalnetworkendpoints.compute.cnrm.cloud.google.com.yaml
ComputeGlobalNetworkEndpointGroup	config/crds/resources/apiextensions.k8s.io_v1_customresourcedefinition_computeglobalnetworkendpointgroups.compute.cnrm.cloud.google.com.yaml
ComputeHTTPHealthCheck	config/crds/resources/apiextensions.k8s.io_v1_customresourcedefinition_computehttphealthchecks.compute.cnrm.cloud.google.com.yaml
ComputeHTTPSHealthCheck	config/crds/resources/apiextensions.k8s.io_v1_customresourcedefinition_computehttpshealthchecks.compute.cnrm.cloud.google.com.yaml
ComputeHealthCheck	config/crds/resources/apiextensions.k8s.io_v1_customresourcedefinition_computehealthchecks.compute.cnrm.cloud.google.com.yaml
ComputeImage	config/crds/resources/apiextensions.k8s.io_v1_customresourcedefinition_computeimages.compute.cnrm.cloud.google.com.yaml
ComputeInstance	config/crds/resources/apiextensions.k8s.io_v1_customresourcedefinition_computeinstances.compute.cnrm.cloud.google.com.yaml
ComputeInstanceGroup	config/crds/resources/apiextensions.k8s.io_v1_customresourcedefinition_computeinstancegroups.compute.cnrm.cloud.google.com.yaml
ComputeInstanceGroupManager	config/crds/resources/apiextensions.k8s.io_v1_customresourcedefinition_computeinstancegroupmanagers.compute.cnrm.cloud.google.com.yaml
ComputeInstanceGroupNamedPort	config/crds/resources/apiextensions.k8s.io_v1_customresourcedefinition_computeinstancegroupnamedports.compute.cnrm.cloud.google.com.yaml
ComputeInstanceTemplate	config/crds/resources/apiextensions.k8s.io_v1_customresourcedefinition_computeinstancetemplates.compute.cnrm.cloud.google.com.yaml
ComputeInterconnect	config/crds/resources/apiextensions.k8s.io_v1_customresourcedefinition_computeinterconnects.compute.cnrm.cloud.google.com.yaml
ComputeInterconnectAttachment	config/crds/resources/apiextensions.k8s.io_v1_customresourcedefinition_computeinterconnectattachments.compute.cnrm.cloud.google.com.yaml
ComputeMachineImage	config/crds/resources/apiextensions.k8s.io_v1_customresourcedefinition_computemachineimages.compute.cnrm.cloud.google.com.yaml
ComputeManagedSSLCertificate	config/crds/resources/apiextensions.k8s.io_v1_customresourcedefinition_computemanagedsslcertificates.compute.cnrm.cloud.google.com.yaml
ComputeNetwork	config/crds/resources/apiextensions.k8s.io_v1_customresourcedefinition_computenetworks.compute.cnrm.cloud.google.com.yaml
ComputeNetworkAttachment	config/crds/resources/apiextensions.k8s.io_v1_customresourcedefinition_computenetworkattachments.compute.cnrm.cloud.google.com.yaml
ComputeNetworkEdgeSecurityService	config/crds/resources/apiextensions.k8s.io_v1_customresourcedefinition_computenetworkedgesecurityservices.compute.cnrm.cloud.google.com.yaml
ComputeNetworkEndpoint	config/crds/resources/apiextensions.k8s.io_v1_customresourcedefinition_computenetworkendpoints.compute.cnrm.cloud.google.com.yaml
ComputeNetworkEndpointGroup	config/crds/resources/apiextensions.k8s.io_v1_customresourcedefinition_computenetworkendpointgroups.compute.cnrm.cloud.google.com.yaml
ComputeNetworkFirewallPolicy	config/crds/resources/apiextensions.k8s.io_v1_customresourcedefinition_computenetworkfirewallpolicies.compute.cnrm.cloud.google.com.yaml
ComputeNetworkFirewallPolicyAssociation	config/crds/resources/apiextensions.k8s.io_v1_customresourcedefinition_computenetworkfirewallpolicyassociations.compute.cnrm.cloud.google.com.yaml
ComputeNetworkFirewallPolicyRule	config/crds/resources/apiextensions.k8s.io_v1_customresourcedefinition_computenetworkfirewallpolicyrules.compute.cnrm.cloud.google.com.yaml
ComputeNetworkPeering	config/crds/resources/apiextensions.k8s.io_v1_customresourcedefinition_computenetworkpeerings.compute.cnrm.cloud.google.com.yaml
ComputeNetworkPeeringRoutesConfig	config/crds/resources/apiextensions.k8s.io_v1_customresourcedefinition_computenetworkpeeringroutesconfigs.compute.cnrm.cloud.google.com.yaml
ComputeNodeGroup	config/crds/resources/apiextensions.k8s.io_v1_customresourcedefinition_computenodegroups.compute.cnrm.cloud.google.com.yaml
ComputeNodeTemplate	config/crds/resources/apiextensions.k8s.io_v1_customresourcedefinition_computenodetemplates.compute.cnrm.cloud.google.com.yaml
ComputeOrganizationSecurityPolicy	config/crds/resources/apiextensions.k8s.io_v1_customresourcedefinition_computeorganizationsecuritypolicies.compute.cnrm.cloud.google.com.yaml
ComputeOrganizationSecurityPolicyAssociation	config/crds/resources/apiextensions.k8s.io_v1_customresourcedefinition_computeorganizationsecuritypolicyassociations.compute.cnrm.cloud.google.com.yaml
ComputeOrganizationSecurityPolicyRule	config/crds/resources/apiextensions.k8s.io_v1_customresourcedefinition_computeorganizationsecuritypolicyrules.compute.cnrm.cloud.google.com.yaml
ComputePacketMirroring	config/crds/resources/apiextensions.k8s.io_v1_customresourcedefinition_computepacketmirrorings.compute.cnrm.cloud.google.com.yaml
ComputePerInstanceConfig	config/crds/resources/apiextensions.k8s.io_v1_customresourcedefinition_computeperinstanceconfigs.compute.cnrm.cloud.google.com.yaml
ComputeProjectMetadata	config/crds/resources/apiextensions.k8s.io_v1_customresourcedefinition_computeprojectmetadatas.compute.cnrm.cloud.google.com.yaml
ComputeRegionAutoscaler	config/crds/resources/apiextensions.k8s.io_v1_customresourcedefinition_computeregionautoscalers.compute.cnrm.cloud.google.com.yaml
ComputeRegionDiskResourcePolicyAttachment	config/crds/resources/apiextensions.k8s.io_v1_customresourcedefinition_computeregiondiskresourcepolicyattachments.compute.cnrm.cloud.google.com.yaml
ComputeRegionNetworkEndpointGroup	config/crds/resources/apiextensions.k8s.io_v1_customresourcedefinition_computeregionnetworkendpointgroups.compute.cnrm.cloud.google.com.yaml
ComputeRegionPerInstanceConfig	config/crds/resources/apiextensions.k8s.io_v1_customresourcedefinition_computeregionperinstanceconfigs.compute.cnrm.cloud.google.com.yaml
ComputeRegionSSLPolicy	config/crds/resources/apiextensions.k8s.io_v1_customresourcedefinition_computeregionsslpolicies.compute.cnrm.cloud.google.com.yaml
ComputeReservation	config/crds/resources/apiextensions.k8s.io_v1_customresourcedefinition_computereservations.compute.cnrm.cloud.google.com.yaml
ComputeResourcePolicy	config/crds/resources/apiextensions.k8s.io_v1_customresourcedefinition_computeresourcepolicies.compute.cnrm.cloud.google.com.yaml
ComputeRoute	config/crds/resources/apiextensions.k8s.io_v1_customresourcedefinition_computeroutes.compute.cnrm.cloud.google.com.yaml
ComputeRouter	config/crds/resources/apiextensions.k8s.io_v1_customresourcedefinition_computerouters.compute.cnrm.cloud.google.com.yaml
ComputeRouterInterface	config/crds/resources/apiextensions.k8s.io_v1_customresourcedefinition_computerouterinterfaces.compute.cnrm.cloud.google.com.yaml
ComputeRouterNAT	config/crds/resources/apiextensions.k8s.io_v1_customresourcedefinition_computerouternats.compute.cnrm.cloud.google.com.yaml
ComputeRouterPeer	config/crds/resources/apiextensions.k8s.io_v1_customresourcedefinition_computerouterpeers.compute.cnrm.cloud.google.com.yaml
ComputeSSLCertificate	config/crds/resources/apiextensions.k8s.io_v1_customresourcedefinition_computesslcertificates.compute.cnrm.cloud.google.com.yaml
ComputeSSLPolicy	config/crds/resources/apiextensions.k8s.io_v1_customresourcedefinition_computesslpolicies.compute.cnrm.cloud.google.com.yaml
ComputeSecurityPolicy	config/crds/resources/apiextensions.k8s.io_v1_customresourcedefinition_computesecuritypolicies.compute.cnrm.cloud.google.com.yaml
ComputeServiceAttachment	config/crds/resources/apiextensions.k8s.io_v1_customresourcedefinition_computeserviceattachments.compute.cnrm.cloud.google.com.yaml
ComputeSharedVPCHostProject	config/crds/resources/apiextensions.k8s.io_v1_customresourcedefinition_computesharedvpchostprojects.compute.cnrm.cloud.google.com.yaml
ComputeSharedVPCServiceProject	config/crds/resources/apiextensions.k8s.io_v1_customresourcedefinition_computesharedvpcserviceprojects.compute.cnrm.cloud.google.com.yaml
ComputeSnapshot	config/crds/resources/apiextensions.k8s.io_v1_customresourcedefinition_computesnapshots.compute.cnrm.cloud.google.com.yaml
ComputeSubnetwork	config/crds/resources/apiextensions.k8s.io_v1_customresourcedefinition_computesubnetworks.compute.cnrm.cloud.google.com.yaml
ComputeTargetGRPCProxy	config/crds/resources/apiextensions.k8s.io_v1_customresourcedefinition_computetargetgrpcproxies.compute.cnrm.cloud.google.com.yaml
ComputeTargetHTTPProxy	config/crds/resources/apiextensions.k8s.io_v1_customresourcedefinition_computetargethttpproxies.compute.cnrm.cloud.google.com.yaml
ComputeTargetHTTPSProxy	config/crds/resources/apiextensions.k8s.io_v1_customresourcedefinition_computetargethttpsproxies.compute.cnrm.cloud.google.com.yaml
ComputeTargetInstance	config/crds/resources/apiextensions.k8s.io_v1_customresourcedefinition_computetargetinstances.compute.cnrm.cloud.google.com.yaml
ComputeTargetPool	config/crds/resources/apiextensions.k8s.io_v1_customresourcedefinition_computetargetpools.compute.cnrm.cloud.google.com.yaml
ComputeTargetSSLProxy	config/crds/resources/apiextensions.k8s.io_v1_customresourcedefinition_computetargetsslproxies.compute.cnrm.cloud.google.com.yaml
ComputeTargetTCPProxy	config/crds/resources/apiextensions.k8s.io_v1_customresourcedefinition_computetargettcpproxies.compute.cnrm.cloud.google.com.yaml
ComputeTargetVPNGateway	config/crds/resources/apiextensions.k8s.io_v1_customresourcedefinition_computetargetvpngateways.compute.cnrm.cloud.google.com.yaml
ComputeURLMap	config/crds/resources/apiextensions.k8s.io_v1_customresourcedefinition_computeurlmaps.compute.cnrm.cloud.google.com.yaml
ComputeVPNGateway	config/crds/resources/apiextensions.k8s.io_v1_customresourcedefinition_computevpngateways.compute.cnrm.cloud.google.com.yaml
ComputeVPNTunnel	config/crds/resources/apiextensions.k8s.io_v1_customresourcedefinition_computevpntunnels.compute.cnrm.cloud.google.com.yaml
ConfigControllerInstance	config/crds/resources/apiextensions.k8s.io_v1_customresourcedefinition_configcontrollerinstances.configcontroller.cnrm.cloud.google.com.yaml
ConfigDeliveryFleetPackage	config/crds/resources/apiextensions.k8s.io_v1_customresourcedefinition_configdeliveryfleetpackages.configdelivery.cnrm.cloud.google.com.yaml
ConfigDeliveryResourceBundle	config/crds/resources/apiextensions.k8s.io_v1_customresourcedefinition_configdeliveryresourcebundles.configdelivery.cnrm.cloud.google.com.yaml
ConfigDeploymentGroup	config/crds/resources/apiextensions.k8s.io_v1_customresourcedefinition_configdeploymentgroups.configdeployment.cnrm.cloud.google.com.yaml
ConnectorsConnection	config/crds/resources/apiextensions.k8s.io_v1_customresourcedefinition_connectorsconnections.connectors.cnrm.cloud.google.com.yaml
ContainerAnalysisNote	config/crds/resources/apiextensions.k8s.io_v1_customresourcedefinition_containeranalysisnotes.containeranalysis.cnrm.cloud.google.com.yaml
ContainerAnalysisOccurrence	config/crds/resources/apiextensions.k8s.io_v1_customresourcedefinition_containeranalysisoccurrences.containeranalysis.cnrm.cloud.google.com.yaml
ContainerAttachedCluster	config/crds/resources/apiextensions.k8s.io_v1_customresourcedefinition_containerattachedclusters.containerattached.cnrm.cloud.google.com.yaml
ContainerCluster	config/crds/resources/apiextensions.k8s.io_v1_customresourcedefinition_containerclusters.container.cnrm.cloud.google.com.yaml
ContainerNodePool	config/crds/resources/apiextensions.k8s.io_v1_customresourcedefinition_containernodepools.container.cnrm.cloud.google.com.yaml
ContentWarehouseDocument	config/crds/resources/apiextensions.k8s.io_v1_customresourcedefinition_contentwarehousedocuments.contentwarehouse.cnrm.cloud.google.com.yaml
ContentWarehouseRuleSet	config/crds/resources/apiextensions.k8s.io_v1_customresourcedefinition_contentwarehouserulesets.contentwarehouse.cnrm.cloud.google.com.yaml
ContentWarehouseSchema	config/crds/resources/apiextensions.k8s.io_v1_customresourcedefinition_contentwarehouseschemas.contentwarehouse.cnrm.cloud.google.com.yaml
ContentWarehouseSynonymSet	config/crds/resources/apiextensions.k8s.io_v1_customresourcedefinition_contentwarehousesynonymsets.contentwarehouse.cnrm.cloud.google.com.yaml
DLPConnection	config/crds/resources/apiextensions.k8s.io_v1_customresourcedefinition_dlpconnections.dlp.cnrm.cloud.google.com.yaml
DLPDeidentifyTemplate	config/crds/resources/apiextensions.k8s.io_v1_customresourcedefinition_dlpdeidentifytemplates.dlp.cnrm.cloud.google.com.yaml
DLPDiscoveryConfig	config/crds/resources/apiextensions.k8s.io_v1_customresourcedefinition_dlpdiscoveryconfigs.dlp.cnrm.cloud.google.com.yaml
DLPInspectTemplate	config/crds/resources/apiextensions.k8s.io_v1_customresourcedefinition_dlpinspecttemplates.dlp.cnrm.cloud.google.com.yaml
DLPJobTrigger	config/crds/resources/apiextensions.k8s.io_v1_customresourcedefinition_dlpjobtriggers.dlp.cnrm.cloud.google.com.yaml
DLPStoredInfoType	config/crds/resources/apiextensions.k8s.io_v1_customresourcedefinition_dlpstoredinfotypes.dlp.cnrm.cloud.google.com.yaml
DNSManagedZone	config/crds/resources/apiextensions.k8s.io_v1_customresourcedefinition_dnsmanagedzones.dns.cnrm.cloud.google.com.yaml
DNSPolicy	config/crds/resources/apiextensions.k8s.io_v1_customresourcedefinition_dnspolicies.dns.cnrm.cloud.google.com.yaml
DNSRecordSet	config/crds/resources/apiextensions.k8s.io_v1_customresourcedefinition_dnsrecordsets.dns.cnrm.cloud.google.com.yaml
DNSResponsePolicy	config/crds/resources/apiextensions.k8s.io_v1_customresourcedefinition_dnsresponsepolicies.dns.cnrm.cloud.google.com.yaml
DNSResponsePolicyRule	config/crds/resources/apiextensions.k8s.io_v1_customresourcedefinition_dnsresponsepolicyrules.dns.cnrm.cloud.google.com.yaml
DataCatalogEntry	config/crds/resources/apiextensions.k8s.io_v1_customresourcedefinition_datacatalogentries.datacatalog.cnrm.cloud.google.com.yaml
DataCatalogEntryGroup	config/crds/resources/apiextensions.k8s.io_v1_customresourcedefinition_datacatalogentrygroups.datacatalog.cnrm.cloud.google.com.yaml
DataCatalogPolicyTag	config/crds/resources/apiextensions.k8s.io_v1_customresourcedefinition_datacatalogpolicytags.datacatalog.cnrm.cloud.google.com.yaml
DataCatalogTag	config/crds/resources/apiextensions.k8s.io_v1_customresourcedefinition_datacatalogtags.datacatalog.cnrm.cloud.google.com.yaml
DataCatalogTagTemplate	config/crds/resources/apiextensions.k8s.io_v1_customresourcedefinition_datacatalogtagtemplates.datacatalog.cnrm.cloud.google.com.yaml
DataCatalogTaxonomy	config/crds/resources/apiextensions.k8s.io_v1_customresourcedefinition_datacatalogtaxonomies.datacatalog.cnrm.cloud.google.com.yaml
DataFusionInstance	config/crds/resources/apiextensions.k8s.io_v1_customresourcedefinition_datafusioninstances.datafusion.cnrm.cloud.google.com.yaml
DataLabelingAnnotationSpecSet	config/crds/resources/apiextensions.k8s.io_v1_customresourcedefinition_datalabelingannotationspecsets.datalabeling.cnrm.cloud.google.com.yaml
DataLabelingDataset	config/crds/resources/apiextensions.k8s.io_v1_customresourcedefinition_datalabelingdatasets.datalabeling.cnrm.cloud.google.com.yaml
DataLabelingEvaluationJob	config/crds/resources/apiextensions.k8s.io_v1_customresourcedefinition_datalabelingevaluationjobs.datalabeling.cnrm.cloud.google.com.yaml
DataLabelingInstruction	config/crds/resources/apiextensions.k8s.io_v1_customresourcedefinition_datalabelinginstructions.datalabeling.cnrm.cloud.google.com.yaml
DataLineageProcess	config/crds/resources/apiextensions.k8s.io_v1_customresourcedefinition_datalineageprocesses.datalineage.cnrm.cloud.google.com.yaml
DatabaseMigrationConversionWorkspace	config/crds/resources/apiextensions.k8s.io_v1_customresourcedefinition_databasemigrationconversionworkspaces.datamigration.cnrm.cloud.google.com.yaml
DatabaseMigrationMigrationJob	config/crds/resources/apiextensions.k8s.io_v1_customresourcedefinition_databasemigrationmigrationjobs.datamigration.cnrm.cloud.google.com.yaml
DatabaseMigrationPrivateConnection	config/crds/resources/apiextensions.k8s.io_v1_customresourcedefinition_databasemigrationprivateconnections.datamigration.cnrm.cloud.google.com.yaml
DataflowFlexTemplateJob	config/crds/resources/apiextensions.k8s.io_v1_customresourcedefinition_dataflowflextemplatejobs.dataflow.cnrm.cloud.google.com.yaml
DataflowJob	config/crds/resources/apiextensions.k8s.io_v1_customresourcedefinition_dataflowjobs.dataflow.cnrm.cloud.google.com.yaml
DataformFolder	config/crds/resources/apiextensions.k8s.io_v1_customresourcedefinition_dataformfolders.dataform.cnrm.cloud.google.com.yaml
DataformRepository	config/crds/resources/apiextensions.k8s.io_v1_customresourcedefinition_dataformrepositories.dataform.cnrm.cloud.google.com.yaml
DataformTeamFolder	config/crds/resources/apiextensions.k8s.io_v1_customresourcedefinition_dataformteamfolders.dataform.cnrm.cloud.google.com.yaml
DataplexAspectType	config/crds/resources/apiextensions.k8s.io_v1_customresourcedefinition_dataplexaspecttypes.dataplex.cnrm.cloud.google.com.yaml
DataplexDataAttributeBinding	config/crds/resources/apiextensions.k8s.io_v1_customresourcedefinition_dataplexdataattributebindings.dataplex.cnrm.cloud.google.com.yaml
DataplexDataScan	config/crds/resources/apiextensions.k8s.io_v1_customresourcedefinition_dataplexdatascans.dataplex.cnrm.cloud.google.com.yaml
DataplexDataTaxonomy	config/crds/resources/apiextensions.k8s.io_v1_customresourcedefinition_dataplexdatataxonomies.dataplex.cnrm.cloud.google.com.yaml
DataplexEntryGroup	config/crds/resources/apiextensions.k8s.io_v1_customresourcedefinition_dataplexentrygroups.dataplex.cnrm.cloud.google.com.yaml
DataplexEntryType	config/crds/resources/apiextensions.k8s.io_v1_customresourcedefinition_dataplexentrytypes.dataplex.cnrm.cloud.google.com.yaml
DataplexGlossary	config/crds/resources/apiextensions.k8s.io_v1_customresourcedefinition_dataplexglossaries.dataplex.cnrm.cloud.google.com.yaml
DataplexLake	config/crds/resources/apiextensions.k8s.io_v1_customresourcedefinition_dataplexlakes.dataplex.cnrm.cloud.google.com.yaml
DataplexMetadataJob	config/crds/resources/apiextensions.k8s.io_v1_customresourcedefinition_dataplexmetadatajobs.dataplex.cnrm.cloud.google.com.yaml
DataplexTask	config/crds/resources/apiextensions.k8s.io_v1_customresourcedefinition_dataplextasks.dataplex.cnrm.cloud.google.com.yaml
DataplexZone	config/crds/resources/apiextensions.k8s.io_v1_customresourcedefinition_dataplexzones.dataplex.cnrm.cloud.google.com.yaml
DataprocAutoscalingPolicy	config/crds/resources/apiextensions.k8s.io_v1_customresourcedefinition_dataprocautoscalingpolicies.dataproc.cnrm.cloud.google.com.yaml
DataprocBatch	config/crds/resources/apiextensions.k8s.io_v1_customresourcedefinition_dataprocbatches.dataproc.cnrm.cloud.google.com.yaml
DataprocCluster	config/crds/resources/apiextensions.k8s.io_v1_customresourcedefinition_dataprocclusters.dataproc.cnrm.cloud.google.com.yaml
DataprocJob	config/crds/resources/apiextensions.k8s.io_v1_customresourcedefinition_dataprocjobs.dataproc.cnrm.cloud.google.com.yaml
DataprocNodeGroup	config/crds/resources/apiextensions.k8s.io_v1_customresourcedefinition_dataprocnodegroups.dataproc.cnrm.cloud.google.com.yaml
DataprocSession	config/crds/resources/apiextensions.k8s.io_v1_customresourcedefinition_dataprocsessions.dataproc.cnrm.cloud.google.com.yaml
DataprocSessionTemplate	config/crds/resources/apiextensions.k8s.io_v1_customresourcedefinition_dataprocsessiontemplates.dataproc.cnrm.cloud.google.com.yaml
DataprocWorkflowTemplate	config/crds/resources/apiextensions.k8s.io_v1_customresourcedefinition_dataprocworkflowtemplates.dataproc.cnrm.cloud.google.com.yaml
DatastoreIndex	config/crds/resources/apiextensions.k8s.io_v1_customresourcedefinition_datastoreindexes.datastore.cnrm.cloud.google.com.yaml
DatastreamConnectionProfile	config/crds/resources/apiextensions.k8s.io_v1_customresourcedefinition_datastreamconnectionprofiles.datastream.cnrm.cloud.google.com.yaml
DatastreamPrivateConnection	config/crds/resources/apiextensions.k8s.io_v1_customresourcedefinition_datastreamprivateconnections.datastream.cnrm.cloud.google.com.yaml
DatastreamRoute	config/crds/resources/apiextensions.k8s.io_v1_customresourcedefinition_datastreamroutes.datastream.cnrm.cloud.google.com.yaml
DatastreamStream	config/crds/resources/apiextensions.k8s.io_v1_customresourcedefinition_datastreamstreams.datastream.cnrm.cloud.google.com.yaml
DeploymentManagerDeployment	config/crds/resources/apiextensions.k8s.io_v1_customresourcedefinition_deploymentmanagerdeployments.deploymentmanager.cnrm.cloud.google.com.yaml
DevConnectAccountConnector	config/crds/resources/apiextensions.k8s.io_v1_customresourcedefinition_devconnectaccountconnectors.developerconnect.cnrm.cloud.google.com.yaml
DevConnectConnection	config/crds/resources/apiextensions.k8s.io_v1_customresourcedefinition_devconnectconnections.developerconnect.cnrm.cloud.google.com.yaml
DevConnectInsightsConfig	config/crds/resources/apiextensions.k8s.io_v1_customresourcedefinition_devconnectinsightsconfigs.developerconnect.cnrm.cloud.google.com.yaml
DeviceStreamingSession	config/crds/resources/apiextensions.k8s.io_v1_customresourcedefinition_devicestreamingsessions.devicestreaming.cnrm.cloud.google.com.yaml
DialogflowAgent	config/crds/resources/apiextensions.k8s.io_v1_customresourcedefinition_dialogflowagents.dialogflow.cnrm.cloud.google.com.yaml
DialogflowCXAgent	config/crds/resources/apiextensions.k8s.io_v1_customresourcedefinition_dialogflowcxagents.dialogflowcx.cnrm.cloud.google.com.yaml
DialogflowCXEntityType	config/crds/resources/apiextensions.k8s.io_v1_customresourcedefinition_dialogflowcxentitytypes.dialogflowcx.cnrm.cloud.google.com.yaml
DialogflowCXFlow	config/crds/resources/apiextensions.k8s.io_v1_customresourcedefinition_dialogflowcxflows.dialogflowcx.cnrm.cloud.google.com.yaml
DialogflowCXIntent	config/crds/resources/apiextensions.k8s.io_v1_customresourcedefinition_dialogflowcxintents.dialogflowcx.cnrm.cloud.google.com.yaml
DialogflowCXPage	config/crds/resources/apiextensions.k8s.io_v1_customresourcedefinition_dialogflowcxpages.dialogflowcx.cnrm.cloud.google.com.yaml
DialogflowCXWebhook	config/crds/resources/apiextensions.k8s.io_v1_customresourcedefinition_dialogflowcxwebhooks.dialogflowcx.cnrm.cloud.google.com.yaml
DialogflowConversationDataset	config/crds/resources/apiextensions.k8s.io_v1_customresourcedefinition_dialogflowconversationdatasets.dialogflow.cnrm.cloud.google.com.yaml
DialogflowEntityType	config/crds/resources/apiextensions.k8s.io_v1_customresourcedefinition_dialogflowentitytypes.dialogflow.cnrm.cloud.google.com.yaml
DialogflowFulfillment	config/crds/resources/apiextensions.k8s.io_v1_customresourcedefinition_dialogflowfulfillments.dialogflow.cnrm.cloud.google.com.yaml
DialogflowGenerator	config/crds/resources/apiextensions.k8s.io_v1_customresourcedefinition_dialogflowgenerators.dialogflow.cnrm.cloud.google.com.yaml
DialogflowIntent	config/crds/resources/apiextensions.k8s.io_v1_customresourcedefinition_dialogflowintents.dialogflow.cnrm.cloud.google.com.yaml
DialogflowKnowledgeBase	config/crds/resources/apiextensions.k8s.io_v1_customresourcedefinition_dialogflowknowledgebases.dialogflow.cnrm.cloud.google.com.yaml
DialogflowSecuritySettings	config/crds/resources/apiextensions.k8s.io_v1_customresourcedefinition_dialogflowsecuritysettings.dialogflow.cnrm.cloud.google.com.yaml
DialogflowSipTrunk	config/crds/resources/apiextensions.k8s.io_v1_customresourcedefinition_dialogflowsiptrunks.dialogflow.cnrm.cloud.google.com.yaml
DiscoveryEngineControl	config/crds/resources/apiextensions.k8s.io_v1_customresourcedefinition_discoveryenginecontrols.discoveryengine.cnrm.cloud.google.com.yaml
DiscoveryEngineConversation	config/crds/resources/apiextensions.k8s.io_v1_customresourcedefinition_discoveryengineconversations.discoveryengine.cnrm.cloud.google.com.yaml
DiscoveryEngineDataStore	config/crds/resources/apiextensions.k8s.io_v1_customresourcedefinition_discoveryenginedatastores.discoveryengine.cnrm.cloud.google.com.yaml
DiscoveryEngineDataStoreTargetSite	config/crds/resources/apiextensions.k8s.io_v1_customresourcedefinition_discoveryenginedatastoretargetsites.discoveryengine.cnrm.cloud.google.com.yaml
DiscoveryEngineEngine	config/crds/resources/apiextensions.k8s.io_v1_customresourcedefinition_discoveryengineengines.discoveryengine.cnrm.cloud.google.com.yaml
DiscoveryEngineIdentityMappingStore	config/crds/resources/apiextensions.k8s.io_v1_customresourcedefinition_discoveryengineidentitymappingstores.discoveryengine.cnrm.cloud.google.com.yaml
DiscoveryEngineLicenseConfig	config/crds/resources/apiextensions.k8s.io_v1_customresourcedefinition_discoveryenginelicenseconfigs.discoveryengine.cnrm.cloud.google.com.yaml
DiscoveryEngineSampleQuery	config/crds/resources/apiextensions.k8s.io_v1_customresourcedefinition_discoveryenginesamplequeries.discoveryengine.cnrm.cloud.google.com.yaml
DiscoveryEngineSampleQuerySet	config/crds/resources/apiextensions.k8s.io_v1_customresourcedefinition_discoveryenginesamplequerysets.discoveryengine.cnrm.cloud.google.com.yaml
DiscoveryEngineSearchEngine	config/crds/resources/apiextensions.k8s.io_v1_customresourcedefinition_discoveryenginesearchengines.discoveryengine.cnrm.cloud.google.com.yaml
DiscoveryEngineServingConfig	config/crds/resources/apiextensions.k8s.io_v1_customresourcedefinition_discoveryengineservingconfigs.discoveryengine.cnrm.cloud.google.com.yaml
DiscoveryEngineSession	config/crds/resources/apiextensions.k8s.io_v1_customresourcedefinition_discoveryenginesessions.discoveryengine.cnrm.cloud.google.com.yaml
DiscoveryEngineUserStore	config/crds/resources/apiextensions.k8s.io_v1_customresourcedefinition_discoveryengineuserstores.discoveryengine.cnrm.cloud.google.com.yaml
DocumentAIProcessor	config/crds/resources/apiextensions.k8s.io_v1_customresourcedefinition_documentaiprocessors.documentai.cnrm.cloud.google.com.yaml
DocumentAIProcessorDefaultVersion	config/crds/resources/apiextensions.k8s.io_v1_customresourcedefinition_documentaiprocessordefaultversions.documentai.cnrm.cloud.google.com.yaml
DocumentAIProcessorVersion	config/crds/resources/apiextensions.k8s.io_v1_customresourcedefinition_documentaiprocessorversions.documentai.cnrm.cloud.google.com.yaml
EdgeContainerCluster	config/crds/resources/apiextensions.k8s.io_v1_customresourcedefinition_edgecontainerclusters.edgecontainer.cnrm.cloud.google.com.yaml
EdgeContainerMachine	config/crds/resources/apiextensions.k8s.io_v1_customresourcedefinition_edgecontainermachines.edgecontainer.cnrm.cloud.google.com.yaml
EdgeContainerNodePool	config/crds/resources/apiextensions.k8s.io_v1_customresourcedefinition_edgecontainernodepools.edgecontainer.cnrm.cloud.google.com.yaml
EdgeContainerVpnConnection	config/crds/resources/apiextensions.k8s.io_v1_customresourcedefinition_edgecontainervpnconnections.edgecontainer.cnrm.cloud.google.com.yaml
EdgeNetworkNetwork	config/crds/resources/apiextensions.k8s.io_v1_customresourcedefinition_edgenetworknetworks.edgenetwork.cnrm.cloud.google.com.yaml
EdgeNetworkSubnet	config/crds/resources/apiextensions.k8s.io_v1_customresourcedefinition_edgenetworksubnets.edgenetwork.cnrm.cloud.google.com.yaml
EssentialContactsContact	config/crds/resources/apiextensions.k8s.io_v1_customresourcedefinition_essentialcontactscontacts.essentialcontacts.cnrm.cloud.google.com.yaml
EventarcChannel	config/crds/resources/apiextensions.k8s.io_v1_customresourcedefinition_eventarcchannels.eventarc.cnrm.cloud.google.com.yaml
EventarcChannelConnection	config/crds/resources/apiextensions.k8s.io_v1_customresourcedefinition_eventarcchannelconnections.eventarc.cnrm.cloud.google.com.yaml
EventarcEnrollment	config/crds/resources/apiextensions.k8s.io_v1_customresourcedefinition_eventarcenrollments.eventarc.cnrm.cloud.google.com.yaml
EventarcGoogleAPISource	config/crds/resources/apiextensions.k8s.io_v1_customresourcedefinition_eventarcgoogleapisources.eventarc.cnrm.cloud.google.com.yaml
EventarcGoogleChannelConfig	config/crds/resources/apiextensions.k8s.io_v1_customresourcedefinition_eventarcgooglechannelconfigs.eventarc.cnrm.cloud.google.com.yaml
EventarcTrigger	config/crds/resources/apiextensions.k8s.io_v1_customresourcedefinition_eventarctriggers.eventarc.cnrm.cloud.google.com.yaml
FilestoreBackup	config/crds/resources/apiextensions.k8s.io_v1_customresourcedefinition_filestorebackups.filestore.cnrm.cloud.google.com.yaml
FilestoreInstance	config/crds/resources/apiextensions.k8s.io_v1_customresourcedefinition_filestoreinstances.filestore.cnrm.cloud.google.com.yaml
FilestoreSnapshot	config/crds/resources/apiextensions.k8s.io_v1_customresourcedefinition_filestoresnapshots.filestore.cnrm.cloud.google.com.yaml
FirebaseAndroidApp	config/crds/resources/apiextensions.k8s.io_v1_customresourcedefinition_firebaseandroidapps.firebase.cnrm.cloud.google.com.yaml
FirebaseDatabaseInstance	config/crds/resources/apiextensions.k8s.io_v1_customresourcedefinition_firebasedatabaseinstances.firebasedatabase.cnrm.cloud.google.com.yaml
FirebaseHostingChannel	config/crds/resources/apiextensions.k8s.io_v1_customresourcedefinition_firebasehostingchannels.firebasehosting.cnrm.cloud.google.com.yaml
FirebaseHostingSite	config/crds/resources/apiextensions.k8s.io_v1_customresourcedefinition_firebasehostingsites.firebasehosting.cnrm.cloud.google.com.yaml
FirebaseProject	config/crds/resources/apiextensions.k8s.io_v1_customresourcedefinition_firebaseprojects.firebase.cnrm.cloud.google.com.yaml
FirebaseStorageBucket	config/crds/resources/apiextensions.k8s.io_v1_customresourcedefinition_firebasestoragebuckets.firebasestorage.cnrm.cloud.google.com.yaml
FirebaseWebApp	config/crds/resources/apiextensions.k8s.io_v1_customresourcedefinition_firebasewebapps.firebase.cnrm.cloud.google.com.yaml
FirestoreBackupSchedule	config/crds/resources/apiextensions.k8s.io_v1_customresourcedefinition_firestorebackupschedules.firestore.cnrm.cloud.google.com.yaml
FirestoreDatabase	config/crds/resources/apiextensions.k8s.io_v1_customresourcedefinition_firestoredatabases.firestore.cnrm.cloud.google.com.yaml
FirestoreDocument	config/crds/resources/apiextensions.k8s.io_v1_customresourcedefinition_firestoredocuments.firestore.cnrm.cloud.google.com.yaml
FirestoreField	config/crds/resources/apiextensions.k8s.io_v1_customresourcedefinition_firestorefields.firestore.cnrm.cloud.google.com.yaml
FirestoreIndex	config/crds/resources/apiextensions.k8s.io_v1_customresourcedefinition_firestoreindexes.firestore.cnrm.cloud.google.com.yaml
Folder	config/crds/resources/apiextensions.k8s.io_v1_customresourcedefinition_folders.resourcemanager.cnrm.cloud.google.com.yaml
GKEBackupBackup	config/crds/resources/apiextensions.k8s.io_v1_customresourcedefinition_gkebackupbackups.gkebackup.cnrm.cloud.google.com.yaml
GKEBackupBackupChannel	config/crds/resources/apiextensions.k8s.io_v1_customresourcedefinition_gkebackupbackupchannels.gkebackup.cnrm.cloud.google.com.yaml
GKEBackupBackupPlan	config/crds/resources/apiextensions.k8s.io_v1_customresourcedefinition_gkebackupbackupplans.gkebackup.cnrm.cloud.google.com.yaml
GKEBackupRestore	config/crds/resources/apiextensions.k8s.io_v1_customresourcedefinition_gkebackuprestores.gkebackup.cnrm.cloud.google.com.yaml
GKEBackupRestorePlan	config/crds/resources/apiextensions.k8s.io_v1_customresourcedefinition_gkebackuprestoreplans.gkebackup.cnrm.cloud.google.com.yaml
GKEHubFeature	config/crds/resources/apiextensions.k8s.io_v1_customresourcedefinition_gkehubfeatures.gkehub.cnrm.cloud.google.com.yaml
GKEHubFeatureMembership	config/crds/resources/apiextensions.k8s.io_v1_customresourcedefinition_gkehubfeaturememberships.gkehub.cnrm.cloud.google.com.yaml
GKEHubFleet	config/crds/resources/apiextensions.k8s.io_v1_customresourcedefinition_gkehubfleets.gkehub.cnrm.cloud.google.com.yaml
GKEHubMembership	config/crds/resources/apiextensions.k8s.io_v1_customresourcedefinition_gkehubmemberships.gkehub.cnrm.cloud.google.com.yaml
GKEHubMembershipBinding	config/crds/resources/apiextensions.k8s.io_v1_customresourcedefinition_gkehubmembershipbindings.gkehub.cnrm.cloud.google.com.yaml
GKEHubNamespace	config/crds/resources/apiextensions.k8s.io_v1_customresourcedefinition_gkehubnamespaces.gkehub.cnrm.cloud.google.com.yaml
GKEHubScope	config/crds/resources/apiextensions.k8s.io_v1_customresourcedefinition_gkehubscopes.gkehub.cnrm.cloud.google.com.yaml
GKEHubScopeRBACRoleBinding	config/crds/resources/apiextensions.k8s.io_v1_customresourcedefinition_gkehubscoperbacrolebindings.gkehub.cnrm.cloud.google.com.yaml
GKEMulticloudAttachedCluster	config/crds/resources/apiextensions.k8s.io_v1_customresourcedefinition_gkemulticloudattachedclusters.gkemulticloud.cnrm.cloud.google.com.yaml
GeminiDataAnalyticsConversation	config/crds/resources/apiextensions.k8s.io_v1_customresourcedefinition_geminidataanalyticsconversations.geminidataanalytics.cnrm.cloud.google.com.yaml
GrafeasNote	config/crds/resources/apiextensions.k8s.io_v1_customresourcedefinition_grafeasnotes.grafeas.cnrm.cloud.google.com.yaml
HealthcareConsentStore	config/crds/resources/apiextensions.k8s.io_v1_customresourcedefinition_healthcareconsentstores.healthcare.cnrm.cloud.google.com.yaml
HealthcareDICOMStore	config/crds/resources/apiextensions.k8s.io_v1_customresourcedefinition_healthcaredicomstores.healthcare.cnrm.cloud.google.com.yaml
HealthcareDataset	config/crds/resources/apiextensions.k8s.io_v1_customresourcedefinition_healthcaredatasets.healthcare.cnrm.cloud.google.com.yaml
HealthcareFHIRStore	config/crds/resources/apiextensions.k8s.io_v1_customresourcedefinition_healthcarefhirstores.healthcare.cnrm.cloud.google.com.yaml
HealthcareHL7V2Store	config/crds/resources/apiextensions.k8s.io_v1_customresourcedefinition_healthcarehl7v2stores.healthcare.cnrm.cloud.google.com.yaml
HypercomputeClusterCluster	config/crds/resources/apiextensions.k8s.io_v1_customresourcedefinition_hypercomputeclusterclusters.hypercomputecluster.cnrm.cloud.google.com.yaml
IAMAccessBoundaryPolicy	config/crds/resources/apiextensions.k8s.io_v1_customresourcedefinition_iamaccessboundarypolicies.iam.cnrm.cloud.google.com.yaml
IAMAuditConfig	config/crds/resources/apiextensions.k8s.io_v1_customresourcedefinition_iamauditconfigs.iam.cnrm.cloud.google.com.yaml
IAMCustomRole	config/crds/resources/apiextensions.k8s.io_v1_customresourcedefinition_iamcustomroles.iam.cnrm.cloud.google.com.yaml
IAMDenyPolicy	config/crds/resources/apiextensions.k8s.io_v1_customresourcedefinition_iamdenypolicies.iam.cnrm.cloud.google.com.yaml
IAMPartialPolicy	config/crds/resources/apiextensions.k8s.io_v1_customresourcedefinition_iampartialpolicies.iam.cnrm.cloud.google.com.yaml
IAMPolicy	config/crds/resources/apiextensions.k8s.io_v1_customresourcedefinition_iampolicies.iam.cnrm.cloud.google.com.yaml
IAMPolicyMember	config/crds/resources/apiextensions.k8s.io_v1_customresourcedefinition_iampolicymembers.iam.cnrm.cloud.google.com.yaml
IAMServiceAccount	config/crds/resources/apiextensions.k8s.io_v1_customresourcedefinition_iamserviceaccounts.iam.cnrm.cloud.google.com.yaml
IAMServiceAccountKey	config/crds/resources/apiextensions.k8s.io_v1_customresourcedefinition_iamserviceaccountkeys.iam.cnrm.cloud.google.com.yaml
IAMWorkforcePool	config/crds/resources/apiextensions.k8s.io_v1_customresourcedefinition_iamworkforcepools.iam.cnrm.cloud.google.com.yaml
IAMWorkforcePoolProvider	config/crds/resources/apiextensions.k8s.io_v1_customresourcedefinition_iamworkforcepoolproviders.iam.cnrm.cloud.google.com.yaml
IAMWorkloadIdentityPool	config/crds/resources/apiextensions.k8s.io_v1_customresourcedefinition_iamworkloadidentitypools.iam.cnrm.cloud.google.com.yaml
IAMWorkloadIdentityPoolProvider	config/crds/resources/apiextensions.k8s.io_v1_customresourcedefinition_iamworkloadidentitypoolproviders.iam.cnrm.cloud.google.com.yaml
IAPBrand	config/crds/resources/apiextensions.k8s.io_v1_customresourcedefinition_iapbrands.iap.cnrm.cloud.google.com.yaml
IAPIdentityAwareProxyClient	config/crds/resources/apiextensions.k8s.io_v1_customresourcedefinition_iapidentityawareproxyclients.iap.cnrm.cloud.google.com.yaml
IAPSettings	config/crds/resources/apiextensions.k8s.io_v1_customresourcedefinition_iapsettings.iap.cnrm.cloud.google.com.yaml
IdentityPlatformConfig	config/crds/resources/apiextensions.k8s.io_v1_customresourcedefinition_identityplatformconfigs.identityplatform.cnrm.cloud.google.com.yaml
IdentityPlatformDefaultSupportedIDPConfig	config/crds/resources/apiextensions.k8s.io_v1_customresourcedefinition_identityplatformdefaultsupportedidpconfigs.identityplatform.cnrm.cloud.google.com.yaml
IdentityPlatformInboundSAMLConfig	config/crds/resources/apiextensions.k8s.io_v1_customresourcedefinition_identityplatforminboundsamlconfigs.identityplatform.cnrm.cloud.google.com.yaml
IdentityPlatformOAuthIDPConfig	config/crds/resources/apiextensions.k8s.io_v1_customresourcedefinition_identityplatformoauthidpconfigs.identityplatform.cnrm.cloud.google.com.yaml
IdentityPlatformProjectDefaultConfig	config/crds/resources/apiextensions.k8s.io_v1_customresourcedefinition_identityplatformprojectdefaultconfigs.identityplatform.cnrm.cloud.google.com.yaml
IdentityPlatformTenant	config/crds/resources/apiextensions.k8s.io_v1_customresourcedefinition_identityplatformtenants.identityplatform.cnrm.cloud.google.com.yaml
IdentityPlatformTenantDefaultSupportedIDPConfig	config/crds/resources/apiextensions.k8s.io_v1_customresourcedefinition_identityplatformtenantdefaultsupportedidpconfigs.identityplatform.cnrm.cloud.google.com.yaml
IdentityPlatformTenantInboundSAMLConfig	config/crds/resources/apiextensions.k8s.io_v1_customresourcedefinition_identityplatformtenantinboundsamlconfigs.identityplatform.cnrm.cloud.google.com.yaml
IdentityPlatformTenantOAuthIDPConfig	config/crds/resources/apiextensions.k8s.io_v1_customresourcedefinition_identityplatformtenantoauthidpconfigs.identityplatform.cnrm.cloud.google.com.yaml
KMSAutokeyConfig	config/crds/resources/apiextensions.k8s.io_v1_customresourcedefinition_kmsautokeyconfigs.kms.cnrm.cloud.google.com.yaml
KMSCryptoKey	config/crds/resources/apiextensions.k8s.io_v1_customresourcedefinition_kmscryptokeys.kms.cnrm.cloud.google.com.yaml
KMSCryptoKeyVersion	config/crds/resources/apiextensions.k8s.io_v1_customresourcedefinition_kmscryptokeyversions.kms.cnrm.cloud.google.com.yaml
KMSImportJob	config/crds/resources/apiextensions.k8s.io_v1_customresourcedefinition_kmsimportjobs.kms.cnrm.cloud.google.com.yaml
KMSKeyHandle	config/crds/resources/apiextensions.k8s.io_v1_customresourcedefinition_kmskeyhandles.kms.cnrm.cloud.google.com.yaml
KMSKeyRing	config/crds/resources/apiextensions.k8s.io_v1_customresourcedefinition_kmskeyrings.kms.cnrm.cloud.google.com.yaml
KMSKeyRingImportJob	config/crds/resources/apiextensions.k8s.io_v1_customresourcedefinition_kmskeyringimportjobs.kms.cnrm.cloud.google.com.yaml
KMSSecretCiphertext	config/crds/resources/apiextensions.k8s.io_v1_customresourcedefinition_kmssecretciphertexts.kms.cnrm.cloud.google.com.yaml
LicenseManagerConfiguration	config/crds/resources/apiextensions.k8s.io_v1_customresourcedefinition_licensemanagerconfigurations.licensemanager.cnrm.cloud.google.com.yaml
LiveStreamAsset	config/crds/resources/apiextensions.k8s.io_v1_customresourcedefinition_livestreamassets.livestream.cnrm.cloud.google.com.yaml
LoggingLink	config/crds/resources/apiextensions.k8s.io_v1_customresourcedefinition_logginglinks.logging.cnrm.cloud.google.com.yaml
LoggingLogBucket	config/crds/resources/apiextensions.k8s.io_v1_customresourcedefinition_logginglogbuckets.logging.cnrm.cloud.google.com.yaml
LoggingLogExclusion	config/crds/resources/apiextensions.k8s.io_v1_customresourcedefinition_logginglogexclusions.logging.cnrm.cloud.google.com.yaml
LoggingLogMetric	config/crds/resources/apiextensions.k8s.io_v1_customresourcedefinition_logginglogmetrics.logging.cnrm.cloud.google.com.yaml
LoggingLogSink	config/crds/resources/apiextensions.k8s.io_v1_customresourcedefinition_logginglogsinks.logging.cnrm.cloud.google.com.yaml
LoggingLogView	config/crds/resources/apiextensions.k8s.io_v1_customresourcedefinition_logginglogviews.logging.cnrm.cloud.google.com.yaml
MLEngineModel	config/crds/resources/apiextensions.k8s.io_v1_customresourcedefinition_mlenginemodels.mlengine.cnrm.cloud.google.com.yaml
ManagedKafkaCluster	config/crds/resources/apiextensions.k8s.io_v1_customresourcedefinition_managedkafkaclusters.managedkafka.cnrm.cloud.google.com.yaml
ManagedKafkaConnectCluster	config/crds/resources/apiextensions.k8s.io_v1_customresourcedefinition_managedkafkaconnectclusters.managedkafka.cnrm.cloud.google.com.yaml
ManagedKafkaConsumerGroup	config/crds/resources/apiextensions.k8s.io_v1_customresourcedefinition_managedkafkaconsumergroups.managedkafka.cnrm.cloud.google.com.yaml
ManagedKafkaTopic	config/crds/resources/apiextensions.k8s.io_v1_customresourcedefinition_managedkafkatopics.managedkafka.cnrm.cloud.google.com.yaml
MapManagementMapConfig	config/crds/resources/apiextensions.k8s.io_v1_customresourcedefinition_mapmanagementmapconfigs.mapmanagement.cnrm.cloud.google.com.yaml
MemcacheInstance	config/crds/resources/apiextensions.k8s.io_v1_customresourcedefinition_memcacheinstances.memcache.cnrm.cloud.google.com.yaml
MemorystoreInstance	config/crds/resources/apiextensions.k8s.io_v1_customresourcedefinition_memorystoreinstances.memorystore.cnrm.cloud.google.com.yaml
MemorystoreInstanceEndpoint	config/crds/resources/apiextensions.k8s.io_v1_customresourcedefinition_memorystoreinstanceendpoints.memorystore.cnrm.cloud.google.com.yaml
MetastoreBackup	config/crds/resources/apiextensions.k8s.io_v1_customresourcedefinition_metastorebackups.metastore.cnrm.cloud.google.com.yaml
MetastoreFederation	config/crds/resources/apiextensions.k8s.io_v1_customresourcedefinition_metastorefederations.metastore.cnrm.cloud.google.com.yaml
MetastoreService	config/crds/resources/apiextensions.k8s.io_v1_customresourcedefinition_metastoreservices.metastore.cnrm.cloud.google.com.yaml
MigrationCenterGroup	config/crds/resources/apiextensions.k8s.io_v1_customresourcedefinition_migrationcentergroups.migrationcenter.cnrm.cloud.google.com.yaml
ModelArmorTemplate	config/crds/resources/apiextensions.k8s.io_v1_customresourcedefinition_modelarmortemplates.modelarmor.cnrm.cloud.google.com.yaml
MonitoringAlertPolicy	config/crds/resources/apiextensions.k8s.io_v1_customresourcedefinition_monitoringalertpolicies.monitoring.cnrm.cloud.google.com.yaml
MonitoringDashboard	config/crds/resources/apiextensions.k8s.io_v1_customresourcedefinition_monitoringdashboards.monitoring.cnrm.cloud.google.com.yaml
MonitoringGroup	config/crds/resources/apiextensions.k8s.io_v1_customresourcedefinition_monitoringgroups.monitoring.cnrm.cloud.google.com.yaml
MonitoringMetricDescriptor	config/crds/resources/apiextensions.k8s.io_v1_customresourcedefinition_monitoringmetricdescriptors.monitoring.cnrm.cloud.google.com.yaml
MonitoringMonitoredProject	config/crds/resources/apiextensions.k8s.io_v1_customresourcedefinition_monitoringmonitoredprojects.monitoring.cnrm.cloud.google.com.yaml
MonitoringNotificationChannel	config/crds/resources/apiextensions.k8s.io_v1_customresourcedefinition_monitoringnotificationchannels.monitoring.cnrm.cloud.google.com.yaml
MonitoringService	config/crds/resources/apiextensions.k8s.io_v1_customresourcedefinition_monitoringservices.monitoring.cnrm.cloud.google.com.yaml
MonitoringServiceLevelObjective	config/crds/resources/apiextensions.k8s.io_v1_customresourcedefinition_monitoringservicelevelobjectives.monitoring.cnrm.cloud.google.com.yaml
MonitoringUptimeCheckConfig	config/crds/resources/apiextensions.k8s.io_v1_customresourcedefinition_monitoringuptimecheckconfigs.monitoring.cnrm.cloud.google.com.yaml
NetAppBackupPolicy	config/crds/resources/apiextensions.k8s.io_v1_customresourcedefinition_netappbackuppolicies.netapp.cnrm.cloud.google.com.yaml
NetAppBackupVault	config/crds/resources/apiextensions.k8s.io_v1_customresourcedefinition_netappbackupvaults.netapp.cnrm.cloud.google.com.yaml
NetworkConnectivityHub	config/crds/resources/apiextensions.k8s.io_v1_customresourcedefinition_networkconnectivityhubs.networkconnectivity.cnrm.cloud.google.com.yaml
NetworkConnectivityInternalRange	config/crds/resources/apiextensions.k8s.io_v1_customresourcedefinition_networkconnectivityinternalranges.networkconnectivity.cnrm.cloud.google.com.yaml
NetworkConnectivityMulticloudDataTransferConfig	config/crds/resources/apiextensions.k8s.io_v1_customresourcedefinition_networkconnectivitymulticlouddatatransferconfigs.networkconnectivity.cnrm.cloud.google.com.yaml
NetworkConnectivityRegionalEndpoint	config/crds/resources/apiextensions.k8s.io_v1_customresourcedefinition_networkconnectivityregionalendpoints.networkconnectivity.cnrm.cloud.google.com.yaml
NetworkConnectivityServiceConnectionPolicy	config/crds/resources/apiextensions.k8s.io_v1_customresourcedefinition_networkconnectivityserviceconnectionpolicies.networkconnectivity.cnrm.cloud.google.com.yaml
NetworkConnectivitySpoke	config/crds/resources/apiextensions.k8s.io_v1_customresourcedefinition_networkconnectivityspokes.networkconnectivity.cnrm.cloud.google.com.yaml
NetworkManagementConnectivityTest	config/crds/resources/apiextensions.k8s.io_v1_customresourcedefinition_networkmanagementconnectivitytests.networkmanagement.cnrm.cloud.google.com.yaml
NetworkManagementVPCFlowLogsConfig	config/crds/resources/apiextensions.k8s.io_v1_customresourcedefinition_networkmanagementvpcflowlogsconfigs.networkmanagement.cnrm.cloud.google.com.yaml
NetworkSecurityAddressGroup	config/crds/resources/apiextensions.k8s.io_v1_customresourcedefinition_networksecurityaddressgroups.networksecurity.cnrm.cloud.google.com.yaml
NetworkSecurityAuthorizationPolicy	config/crds/resources/apiextensions.k8s.io_v1_customresourcedefinition_networksecurityauthorizationpolicies.networksecurity.cnrm.cloud.google.com.yaml
NetworkSecurityAuthzPolicy	config/crds/resources/apiextensions.k8s.io_v1_customresourcedefinition_networksecurityauthzpolicies.networksecurity.cnrm.cloud.google.com.yaml
NetworkSecurityBackendAuthenticationConfig	config/crds/resources/apiextensions.k8s.io_v1_customresourcedefinition_networksecuritybackendauthenticationconfigs.networksecurity.cnrm.cloud.google.com.yaml
NetworkSecurityClientTLSPolicy	config/crds/resources/apiextensions.k8s.io_v1_customresourcedefinition_networksecurityclienttlspolicies.networksecurity.cnrm.cloud.google.com.yaml
NetworkSecurityDNSThreatDetector	config/crds/resources/apiextensions.k8s.io_v1_customresourcedefinition_networksecuritydnsthreatdetectors.networksecurity.cnrm.cloud.google.com.yaml
NetworkSecurityFirewallEndpoint	config/crds/resources/apiextensions.k8s.io_v1_customresourcedefinition_networksecurityfirewallendpoints.networksecurity.cnrm.cloud.google.com.yaml
NetworkSecurityFirewallEndpointAssociation	config/crds/resources/apiextensions.k8s.io_v1_customresourcedefinition_networksecurityfirewallendpointassociations.networksecurity.cnrm.cloud.google.com.yaml
NetworkSecurityGatewaySecurityPolicy	config/crds/resources/apiextensions.k8s.io_v1_customresourcedefinition_networksecuritygatewaysecuritypolicies.networksecurity.cnrm.cloud.google.com.yaml
NetworkSecurityInterceptDeployment	config/crds/resources/apiextensions.k8s.io_v1_customresourcedefinition_networksecurityinterceptdeployments.networksecurity.cnrm.cloud.google.com.yaml
NetworkSecurityInterceptEndpointGroup	config/crds/resources/apiextensions.k8s.io_v1_customresourcedefinition_networksecurityinterceptendpointgroups.networksecurity.cnrm.cloud.google.com.yaml
NetworkSecurityMirroringDeployment	config/crds/resources/apiextensions.k8s.io_v1_customresourcedefinition_networksecuritymirroringdeployments.networksecurity.cnrm.cloud.google.com.yaml
NetworkSecurityMirroringEndpointGroup	config/crds/resources/apiextensions.k8s.io_v1_customresourcedefinition_networksecuritymirroringendpointgroups.networksecurity.cnrm.cloud.google.com.yaml
NetworkSecurityPartnerSSEGateway	config/crds/resources/apiextensions.k8s.io_v1_customresourcedefinition_networksecuritypartnerssegateways.networksecurity.cnrm.cloud.google.com.yaml
NetworkSecurityPartnerSSERealm	config/crds/resources/apiextensions.k8s.io_v1_customresourcedefinition_networksecuritypartnersserealms.networksecurity.cnrm.cloud.google.com.yaml
NetworkSecuritySACRealm	config/crds/resources/apiextensions.k8s.io_v1_customresourcedefinition_networksecuritysacrealms.networksecurity.cnrm.cloud.google.com.yaml
NetworkSecuritySecurityProfile	config/crds/resources/apiextensions.k8s.io_v1_customresourcedefinition_networksecuritysecurityprofiles.networksecurity.cnrm.cloud.google.com.yaml
NetworkSecuritySecurityProfileGroup	config/crds/resources/apiextensions.k8s.io_v1_customresourcedefinition_networksecuritysecurityprofilegroups.networksecurity.cnrm.cloud.google.com.yaml
NetworkSecurityServerTLSPolicy	config/crds/resources/apiextensions.k8s.io_v1_customresourcedefinition_networksecurityservertlspolicies.networksecurity.cnrm.cloud.google.com.yaml
NetworkSecurityTLSInspectionPolicy	config/crds/resources/apiextensions.k8s.io_v1_customresourcedefinition_networksecuritytlsinspectionpolicies.networksecurity.cnrm.cloud.google.com.yaml
NetworkSecurityURLList	config/crds/resources/apiextensions.k8s.io_v1_customresourcedefinition_networksecurityurllists.networksecurity.cnrm.cloud.google.com.yaml
NetworkServicesAuthzExtension	config/crds/resources/apiextensions.k8s.io_v1_customresourcedefinition_networkservicesauthzextensions.networkservices.cnrm.cloud.google.com.yaml
NetworkServicesEdgeCacheKeyset	config/crds/resources/apiextensions.k8s.io_v1_customresourcedefinition_networkservicesedgecachekeysets.networkservices.cnrm.cloud.google.com.yaml
NetworkServicesEdgeCacheOrigin	config/crds/resources/apiextensions.k8s.io_v1_customresourcedefinition_networkservicesedgecacheorigins.networkservices.cnrm.cloud.google.com.yaml
NetworkServicesEdgeCacheService	config/crds/resources/apiextensions.k8s.io_v1_customresourcedefinition_networkservicesedgecacheservices.networkservices.cnrm.cloud.google.com.yaml
NetworkServicesEndpointPolicy	config/crds/resources/apiextensions.k8s.io_v1_customresourcedefinition_networkservicesendpointpolicies.networkservices.cnrm.cloud.google.com.yaml
NetworkServicesGRPCRoute	config/crds/resources/apiextensions.k8s.io_v1_customresourcedefinition_networkservicesgrpcroutes.networkservices.cnrm.cloud.google.com.yaml
NetworkServicesGateway	config/crds/resources/apiextensions.k8s.io_v1_customresourcedefinition_networkservicesgateways.networkservices.cnrm.cloud.google.com.yaml
NetworkServicesHTTPRoute	config/crds/resources/apiextensions.k8s.io_v1_customresourcedefinition_networkserviceshttproutes.networkservices.cnrm.cloud.google.com.yaml
NetworkServicesLBRouteExtension	config/crds/resources/apiextensions.k8s.io_v1_customresourcedefinition_networkserviceslbrouteextensions.networkservices.cnrm.cloud.google.com.yaml
NetworkServicesLBTrafficExtension	config/crds/resources/apiextensions.k8s.io_v1_customresourcedefinition_networkserviceslbtrafficextensions.networkservices.cnrm.cloud.google.com.yaml
NetworkServicesMesh	config/crds/resources/apiextensions.k8s.io_v1_customresourcedefinition_networkservicesmeshes.networkservices.cnrm.cloud.google.com.yaml
NetworkServicesServiceBinding	config/crds/resources/apiextensions.k8s.io_v1_customresourcedefinition_networkservicesservicebindings.networkservices.cnrm.cloud.google.com.yaml
NetworkServicesTCPRoute	config/crds/resources/apiextensions.k8s.io_v1_customresourcedefinition_networkservicestcproutes.networkservices.cnrm.cloud.google.com.yaml
NetworkServicesTLSRoute	config/crds/resources/apiextensions.k8s.io_v1_customresourcedefinition_networkservicestlsroutes.networkservices.cnrm.cloud.google.com.yaml
NetworkServicesWasmPlugin	config/crds/resources/apiextensions.k8s.io_v1_customresourcedefinition_networkserviceswasmplugins.networkservices.cnrm.cloud.google.com.yaml
NotebookInstance	config/crds/resources/apiextensions.k8s.io_v1_customresourcedefinition_notebookinstances.notebooks.cnrm.cloud.google.com.yaml
NotebookInstanceV2	config/crds/resources/apiextensions.k8s.io_v1_customresourcedefinition_notebookinstancev2s.notebooks.cnrm.cloud.google.com.yaml
NotebooksEnvironment	config/crds/resources/apiextensions.k8s.io_v1_customresourcedefinition_notebooksenvironments.notebooks.cnrm.cloud.google.com.yaml
NotebooksExecution	config/crds/resources/apiextensions.k8s.io_v1_customresourcedefinition_notebooksexecutions.notebooks.cnrm.cloud.google.com.yaml
NotebooksSchedule	config/crds/resources/apiextensions.k8s.io_v1_customresourcedefinition_notebooksschedules.notebooks.cnrm.cloud.google.com.yaml
OSConfigGuestPolicy	config/crds/resources/apiextensions.k8s.io_v1_customresourcedefinition_osconfigguestpolicies.osconfig.cnrm.cloud.google.com.yaml
OSConfigOSPolicyAssignment	config/crds/resources/apiextensions.k8s.io_v1_customresourcedefinition_osconfigospolicyassignments.osconfig.cnrm.cloud.google.com.yaml
OSConfigPatchDeployment	config/crds/resources/apiextensions.k8s.io_v1_customresourcedefinition_osconfigpatchdeployments.osconfig.cnrm.cloud.google.com.yaml
OSLoginSSHPublicKey	config/crds/resources/apiextensions.k8s.io_v1_customresourcedefinition_osloginsshpublickeys.oslogin.cnrm.cloud.google.com.yaml
OrgPolicyCustomConstraint	config/crds/resources/apiextensions.k8s.io_v1_customresourcedefinition_orgpolicycustomconstraints.orgpolicy.cnrm.cloud.google.com.yaml
OrgPolicyPolicy	config/crds/resources/apiextensions.k8s.io_v1_customresourcedefinition_orgpolicypolicies.orgpolicy.cnrm.cloud.google.com.yaml
ParameterManagerParameter	config/crds/resources/apiextensions.k8s.io_v1_customresourcedefinition_parametermanagerparameters.parametermanager.cnrm.cloud.google.com.yaml
ParameterManagerParameterVersion	config/crds/resources/apiextensions.k8s.io_v1_customresourcedefinition_parametermanagerparameterversions.parametermanager.cnrm.cloud.google.com.yaml
PrivateCACAPool	config/crds/resources/apiextensions.k8s.io_v1_customresourcedefinition_privatecacapools.privateca.cnrm.cloud.google.com.yaml
PrivateCACertificate	config/crds/resources/apiextensions.k8s.io_v1_customresourcedefinition_privatecacertificates.privateca.cnrm.cloud.google.com.yaml
PrivateCACertificateAuthority	config/crds/resources/apiextensions.k8s.io_v1_customresourcedefinition_privatecacertificateauthorities.privateca.cnrm.cloud.google.com.yaml
PrivateCACertificateTemplate	config/crds/resources/apiextensions.k8s.io_v1_customresourcedefinition_privatecacertificatetemplates.privateca.cnrm.cloud.google.com.yaml
PrivilegedAccessManagerEntitlement	config/crds/resources/apiextensions.k8s.io_v1_customresourcedefinition_privilegedaccessmanagerentitlements.privilegedaccessmanager.cnrm.cloud.google.com.yaml
Project	config/crds/resources/apiextensions.k8s.io_v1_customresourcedefinition_projects.resourcemanager.cnrm.cloud.google.com.yaml
PubSubLiteReservation	config/crds/resources/apiextensions.k8s.io_v1_customresourcedefinition_pubsublitereservations.pubsublite.cnrm.cloud.google.com.yaml
PubSubLiteSubscription	config/crds/resources/apiextensions.k8s.io_v1_customresourcedefinition_pubsublitesubscriptions.pubsublite.cnrm.cloud.google.com.yaml
PubSubLiteTopic	config/crds/resources/apiextensions.k8s.io_v1_customresourcedefinition_pubsublitetopics.pubsublite.cnrm.cloud.google.com.yaml
PubSubSchema	config/crds/resources/apiextensions.k8s.io_v1_customresourcedefinition_pubsubschemas.pubsub.cnrm.cloud.google.com.yaml
PubSubSnapshot	config/crds/resources/apiextensions.k8s.io_v1_customresourcedefinition_pubsubsnapshots.pubsub.cnrm.cloud.google.com.yaml
PubSubSubscription	config/crds/resources/apiextensions.k8s.io_v1_customresourcedefinition_pubsubsubscriptions.pubsub.cnrm.cloud.google.com.yaml
PubSubTopic	config/crds/resources/apiextensions.k8s.io_v1_customresourcedefinition_pubsubtopics.pubsub.cnrm.cloud.google.com.yaml
RapidMigrationAssessmentCollector	config/crds/resources/apiextensions.k8s.io_v1_customresourcedefinition_rapidmigrationassessmentcollectors.rapidmigrationassessment.cnrm.cloud.google.com.yaml
ReCAPTCHAEnterpriseFirewallPolicy	config/crds/resources/apiextensions.k8s.io_v1_customresourcedefinition_recaptchaenterprisefirewallpolicies.recaptchaenterprise.cnrm.cloud.google.com.yaml
RecaptchaEnterpriseKey	config/crds/resources/apiextensions.k8s.io_v1_customresourcedefinition_recaptchaenterprisekeys.recaptchaenterprise.cnrm.cloud.google.com.yaml
RedisCluster	config/crds/resources/apiextensions.k8s.io_v1_customresourcedefinition_redisclusters.redis.cnrm.cloud.google.com.yaml
RedisClusterEndpoint	config/crds/resources/apiextensions.k8s.io_v1_customresourcedefinition_redisclusterendpoints.redis.cnrm.cloud.google.com.yaml
RedisInstance	config/crds/resources/apiextensions.k8s.io_v1_customresourcedefinition_redisinstances.redis.cnrm.cloud.google.com.yaml
ResourceManagerLien	config/crds/resources/apiextensions.k8s.io_v1_customresourcedefinition_resourcemanagerliens.resourcemanager.cnrm.cloud.google.com.yaml
ResourceManagerPolicy	config/crds/resources/apiextensions.k8s.io_v1_customresourcedefinition_resourcemanagerpolicies.resourcemanager.cnrm.cloud.google.com.yaml
RunJob	config/crds/resources/apiextensions.k8s.io_v1_customresourcedefinition_runjobs.run.cnrm.cloud.google.com.yaml
RunService	config/crds/resources/apiextensions.k8s.io_v1_customresourcedefinition_runservices.run.cnrm.cloud.google.com.yaml
RunWorkerPool	config/crds/resources/apiextensions.k8s.io_v1_customresourcedefinition_runworkerpools.run.cnrm.cloud.google.com.yaml
SQLAdminBackup	config/crds/resources/apiextensions.k8s.io_v1_customresourcedefinition_sqladminbackups.sqladmin.cnrm.cloud.google.com.yaml
SQLDatabase	config/crds/resources/apiextensions.k8s.io_v1_customresourcedefinition_sqldatabases.sql.cnrm.cloud.google.com.yaml
SQLInstance	config/crds/resources/apiextensions.k8s.io_v1_customresourcedefinition_sqlinstances.sql.cnrm.cloud.google.com.yaml
SQLSSLCert	config/crds/resources/apiextensions.k8s.io_v1_customresourcedefinition_sqlsslcerts.sql.cnrm.cloud.google.com.yaml
SQLUser	config/crds/resources/apiextensions.k8s.io_v1_customresourcedefinition_sqlusers.sql.cnrm.cloud.google.com.yaml
SaasServiceMgmtRelease	config/crds/resources/apiextensions.k8s.io_v1_customresourcedefinition_saasservicemgmtreleases.saasservicemgmt.cnrm.cloud.google.com.yaml
SecretManagerSecret	config/crds/resources/apiextensions.k8s.io_v1_customresourcedefinition_secretmanagersecrets.secretmanager.cnrm.cloud.google.com.yaml
SecretManagerSecretVersion	config/crds/resources/apiextensions.k8s.io_v1_customresourcedefinition_secretmanagersecretversions.secretmanager.cnrm.cloud.google.com.yaml
SecureSourceManagerInstance	config/crds/resources/apiextensions.k8s.io_v1_customresourcedefinition_securesourcemanagerinstances.securesourcemanager.cnrm.cloud.google.com.yaml
SecureSourceManagerRepository	config/crds/resources/apiextensions.k8s.io_v1_customresourcedefinition_securesourcemanagerrepositories.securesourcemanager.cnrm.cloud.google.com.yaml
SecurityCenterBigQueryExport	config/crds/resources/apiextensions.k8s.io_v1_customresourcedefinition_securitycenterbigqueryexports.securitycenter.cnrm.cloud.google.com.yaml
SecurityCenterManagementEventThreatDetectionCustomModule	config/crds/resources/apiextensions.k8s.io_v1_customresourcedefinition_securitycentermanagementeventthreatdetectioncustommodules.securitycentermanagement.cnrm.cloud.google.com.yaml
SecurityCenterMuteConfig	config/crds/resources/apiextensions.k8s.io_v1_customresourcedefinition_securitycentermuteconfigs.securitycenter.cnrm.cloud.google.com.yaml
SecurityCenterNotificationConfig	config/crds/resources/apiextensions.k8s.io_v1_customresourcedefinition_securitycenternotificationconfigs.securitycenter.cnrm.cloud.google.com.yaml
SecurityCenterSource	config/crds/resources/apiextensions.k8s.io_v1_customresourcedefinition_securitycentersources.securitycenter.cnrm.cloud.google.com.yaml
Service	config/crds/resources/apiextensions.k8s.io_v1_customresourcedefinition_services.serviceusage.cnrm.cloud.google.com.yaml
ServiceDirectoryEndpoint	config/crds/resources/apiextensions.k8s.io_v1_customresourcedefinition_servicedirectoryendpoints.servicedirectory.cnrm.cloud.google.com.yaml
ServiceDirectoryNamespace	config/crds/resources/apiextensions.k8s.io_v1_customresourcedefinition_servicedirectorynamespaces.servicedirectory.cnrm.cloud.google.com.yaml
ServiceDirectoryService	config/crds/resources/apiextensions.k8s.io_v1_customresourcedefinition_servicedirectoryservices.servicedirectory.cnrm.cloud.google.com.yaml
ServiceIdentity	config/crds/resources/apiextensions.k8s.io_v1_customresourcedefinition_serviceidentities.serviceusage.cnrm.cloud.google.com.yaml
ServiceNetworkingConnection	config/crds/resources/apiextensions.k8s.io_v1_customresourcedefinition_servicenetworkingconnections.servicenetworking.cnrm.cloud.google.com.yaml
ServiceNetworkingPeeredDNSDomain	config/crds/resources/apiextensions.k8s.io_v1_customresourcedefinition_servicenetworkingpeereddnsdomains.servicenetworking.cnrm.cloud.google.com.yaml
ServiceUsageConsumerQuotaOverride	config/crds/resources/apiextensions.k8s.io_v1_customresourcedefinition_serviceusageconsumerquotaoverrides.serviceusage.cnrm.cloud.google.com.yaml
SourceRepoRepository	config/crds/resources/apiextensions.k8s.io_v1_customresourcedefinition_sourcereporepositories.sourcerepo.cnrm.cloud.google.com.yaml
SpannerBackupSchedule	config/crds/resources/apiextensions.k8s.io_v1_customresourcedefinition_spannerbackupschedules.spanner.cnrm.cloud.google.com.yaml
SpannerDatabase	config/crds/resources/apiextensions.k8s.io_v1_customresourcedefinition_spannerdatabases.spanner.cnrm.cloud.google.com.yaml
SpannerInstance	config/crds/resources/apiextensions.k8s.io_v1_customresourcedefinition_spannerinstances.spanner.cnrm.cloud.google.com.yaml
SpannerInstanceConfig	config/crds/resources/apiextensions.k8s.io_v1_customresourcedefinition_spannerinstanceconfigs.spanner.cnrm.cloud.google.com.yaml
SpeechCustomClass	config/crds/resources/apiextensions.k8s.io_v1_customresourcedefinition_speechcustomclasses.speech.cnrm.cloud.google.com.yaml
SpeechPhraseSet	config/crds/resources/apiextensions.k8s.io_v1_customresourcedefinition_speechphrasesets.speech.cnrm.cloud.google.com.yaml
SpeechRecognizer	config/crds/resources/apiextensions.k8s.io_v1_customresourcedefinition_speechrecognizers.speech.cnrm.cloud.google.com.yaml
StorageAnywhereCache	config/crds/resources/apiextensions.k8s.io_v1_customresourcedefinition_storageanywherecaches.storage.cnrm.cloud.google.com.yaml
StorageBucket	config/crds/resources/apiextensions.k8s.io_v1_customresourcedefinition_storagebuckets.storage.cnrm.cloud.google.com.yaml
StorageBucketAccessControl	config/crds/resources/apiextensions.k8s.io_v1_customresourcedefinition_storagebucketaccesscontrols.storage.cnrm.cloud.google.com.yaml
StorageDefaultObjectAccessControl	config/crds/resources/apiextensions.k8s.io_v1_customresourcedefinition_storagedefaultobjectaccesscontrols.storage.cnrm.cloud.google.com.yaml
StorageFolder	config/crds/resources/apiextensions.k8s.io_v1_customresourcedefinition_storagefolders.storage.cnrm.cloud.google.com.yaml
StorageHMACKey	config/crds/resources/apiextensions.k8s.io_v1_customresourcedefinition_storagehmackeys.storage.cnrm.cloud.google.com.yaml
StorageInsightsDatasetConfig	config/crds/resources/apiextensions.k8s.io_v1_customresourcedefinition_storageinsightsdatasetconfigs.storageinsights.cnrm.cloud.google.com.yaml
StorageManagedFolder	config/crds/resources/apiextensions.k8s.io_v1_customresourcedefinition_storagemanagedfolders.storage.cnrm.cloud.google.com.yaml
StorageNotification	config/crds/resources/apiextensions.k8s.io_v1_customresourcedefinition_storagenotifications.storage.cnrm.cloud.google.com.yaml
StorageTransferAgentPool	config/crds/resources/apiextensions.k8s.io_v1_customresourcedefinition_storagetransferagentpools.storagetransfer.cnrm.cloud.google.com.yaml
StorageTransferJob	config/crds/resources/apiextensions.k8s.io_v1_customresourcedefinition_storagetransferjobs.storagetransfer.cnrm.cloud.google.com.yaml
TPUNode	config/crds/resources/apiextensions.k8s.io_v1_customresourcedefinition_tpunodes.tpu.cnrm.cloud.google.com.yaml
TPUVirtualMachine	config/crds/resources/apiextensions.k8s.io_v1_customresourcedefinition_tpuvirtualmachines.tpu.cnrm.cloud.google.com.yaml
TagsLocationTagBinding	config/crds/resources/apiextensions.k8s.io_v1_customresourcedefinition_tagslocationtagbindings.tags.cnrm.cloud.google.com.yaml
TagsTagBinding	config/crds/resources/apiextensions.k8s.io_v1_customresourcedefinition_tagstagbindings.tags.cnrm.cloud.google.com.yaml
TagsTagKey	config/crds/resources/apiextensions.k8s.io_v1_customresourcedefinition_tagstagkeys.tags.cnrm.cloud.google.com.yaml
TagsTagValue	config/crds/resources/apiextensions.k8s.io_v1_customresourcedefinition_tagstagvalues.tags.cnrm.cloud.google.com.yaml
TasksQueue	config/crds/resources/apiextensions.k8s.io_v1_customresourcedefinition_tasksqueues.cloudtasks.cnrm.cloud.google.com.yaml
TestingDeviceSession	config/crds/resources/apiextensions.k8s.io_v1_customresourcedefinition_testingdevicesessions.testing.cnrm.cloud.google.com.yaml
TranscoderJob	config/crds/resources/apiextensions.k8s.io_v1_customresourcedefinition_transcoderjobs.transcoder.cnrm.cloud.google.com.yaml
TranslateAdaptiveMtDataset	config/crds/resources/apiextensions.k8s.io_v1_customresourcedefinition_translateadaptivemtdatasets.translate.cnrm.cloud.google.com.yaml
VMwareEngineExternalAccessRule	config/crds/resources/apiextensions.k8s.io_v1_customresourcedefinition_vmwareengineexternalaccessrules.vmwareengine.cnrm.cloud.google.com.yaml
VMwareEngineExternalAddress	config/crds/resources/apiextensions.k8s.io_v1_customresourcedefinition_vmwareengineexternaladdresses.vmwareengine.cnrm.cloud.google.com.yaml
VMwareEngineNetwork	config/crds/resources/apiextensions.k8s.io_v1_customresourcedefinition_vmwareenginenetworks.vmwareengine.cnrm.cloud.google.com.yaml
VMwareEngineNetworkPeering	config/crds/resources/apiextensions.k8s.io_v1_customresourcedefinition_vmwareenginenetworkpeerings.vmwareengine.cnrm.cloud.google.com.yaml
VMwareEngineNetworkPolicy	config/crds/resources/apiextensions.k8s.io_v1_customresourcedefinition_vmwareenginenetworkpolicies.vmwareengine.cnrm.cloud.google.com.yaml
VMwareEnginePrivateCloud	config/crds/resources/apiextensions.k8s.io_v1_customresourcedefinition_vmwareengineprivateclouds.vmwareengine.cnrm.cloud.google.com.yaml
VMwareEnginePrivateConnection	config/crds/resources/apiextensions.k8s.io_v1_customresourcedefinition_vmwareengineprivateconnections.vmwareengine.cnrm.cloud.google.com.yaml
VPCAccessConnector	config/crds/resources/apiextensions.k8s.io_v1_customresourcedefinition_vpcaccessconnectors.vpcaccess.cnrm.cloud.google.com.yaml
VectorSearchCollection	config/crds/resources/apiextensions.k8s.io_v1_customresourcedefinition_vectorsearchcollections.vectorsearch.cnrm.cloud.google.com.yaml
VertexAICustomJob	config/crds/resources/apiextensions.k8s.io_v1_customresourcedefinition_vertexaicustomjobs.vertexai.cnrm.cloud.google.com.yaml
VertexAIDataLabelingJob	config/crds/resources/apiextensions.k8s.io_v1_customresourcedefinition_vertexaidatalabelingjobs.vertexai.cnrm.cloud.google.com.yaml
VertexAIDataset	config/crds/resources/apiextensions.k8s.io_v1_customresourcedefinition_vertexaidatasets.vertexai.cnrm.cloud.google.com.yaml
VertexAIDeploymentResourcePool	config/crds/resources/apiextensions.k8s.io_v1_customresourcedefinition_vertexaideploymentresourcepools.vertexai.cnrm.cloud.google.com.yaml
VertexAIEndpoint	config/crds/resources/apiextensions.k8s.io_v1_customresourcedefinition_vertexaiendpoints.vertexai.cnrm.cloud.google.com.yaml
VertexAIExampleStore	config/crds/resources/apiextensions.k8s.io_v1_customresourcedefinition_vertexaiexamplestores.vertexai.cnrm.cloud.google.com.yaml
VertexAIExtension	config/crds/resources/apiextensions.k8s.io_v1_customresourcedefinition_vertexaiextensions.aiplatform.cnrm.cloud.google.com.yaml
VertexAIFeatureGroup	config/crds/resources/apiextensions.k8s.io_v1_customresourcedefinition_vertexaifeaturegroups.vertexai.cnrm.cloud.google.com.yaml
VertexAIFeatureOnlineStore	config/crds/resources/apiextensions.k8s.io_v1_customresourcedefinition_vertexaifeatureonlinestores.aiplatform.cnrm.cloud.google.com.yaml
VertexAIFeaturestore	config/crds/resources/apiextensions.k8s.io_v1_customresourcedefinition_vertexaifeaturestores.vertexai.cnrm.cloud.google.com.yaml
VertexAIFeaturestoreEntityType	config/crds/resources/apiextensions.k8s.io_v1_customresourcedefinition_vertexaifeaturestoreentitytypes.vertexai.cnrm.cloud.google.com.yaml
VertexAIFeaturestoreEntityTypeFeature	config/crds/resources/apiextensions.k8s.io_v1_customresourcedefinition_vertexaifeaturestoreentitytypefeatures.vertexai.cnrm.cloud.google.com.yaml
VertexAIIndex	config/crds/resources/apiextensions.k8s.io_v1_customresourcedefinition_vertexaiindexes.vertexai.cnrm.cloud.google.com.yaml
VertexAIIndexEndpoint	config/crds/resources/apiextensions.k8s.io_v1_customresourcedefinition_vertexaiindexendpoints.vertexai.cnrm.cloud.google.com.yaml
VertexAIMetadataStore	config/crds/resources/apiextensions.k8s.io_v1_customresourcedefinition_vertexaimetadatastores.vertexai.cnrm.cloud.google.com.yaml
VertexAIPipelineJob	config/crds/resources/apiextensions.k8s.io_v1_customresourcedefinition_vertexaipipelinejobs.aiplatform.cnrm.cloud.google.com.yaml
VertexAISchedule	config/crds/resources/apiextensions.k8s.io_v1_customresourcedefinition_vertexaischedules.aiplatform.cnrm.cloud.google.com.yaml
VertexAISpecialistPool	config/crds/resources/apiextensions.k8s.io_v1_customresourcedefinition_vertexaispecialistpools.aiplatform.cnrm.cloud.google.com.yaml
VertexAIStudy	config/crds/resources/apiextensions.k8s.io_v1_customresourcedefinition_vertexaistudies.aiplatform.cnrm.cloud.google.com.yaml
VertexAITensorboard	config/crds/resources/apiextensions.k8s.io_v1_customresourcedefinition_vertexaitensorboards.vertexai.cnrm.cloud.google.com.yaml
VertexAITensorboardExperiment	config/crds/resources/apiextensions.k8s.io_v1_customresourcedefinition_vertexaitensorboardexperiments.vertexai.cnrm.cloud.google.com.yaml
VertexAITrainingPipeline	config/crds/resources/apiextensions.k8s.io_v1_customresourcedefinition_vertexaitrainingpipelines.aiplatform.cnrm.cloud.google.com.yaml
VertexAITuningJob	config/crds/resources/apiextensions.k8s.io_v1_customresourcedefinition_vertexaituningjobs.aiplatform.cnrm.cloud.google.com.yaml
VideoStitcherCDNKey	config/crds/resources/apiextensions.k8s.io_v1_customresourcedefinition_videostitchercdnkeys.videostitcher.cnrm.cloud.google.com.yaml
VisionAIApplication	config/crds/resources/apiextensions.k8s.io_v1_customresourcedefinition_visionaiapplications.visionai.cnrm.cloud.google.com.yaml
VisionProduct	config/crds/resources/apiextensions.k8s.io_v1_customresourcedefinition_visionproducts.vision.cnrm.cloud.google.com.yaml
WorkflowsExecution	config/crds/resources/apiextensions.k8s.io_v1_customresourcedefinition_workflowsexecutions.workflowexecutions.cnrm.cloud.google.com.yaml
WorkflowsWorkflow	config/crds/resources/apiextensions.k8s.io_v1_customresourcedefinition_workflowsworkflows.workflows.cnrm.cloud.google.com.yaml
WorkloadManagerEvaluation	config/crds/resources/apiextensions.k8s.io_v1_customresourcedefinition_workloadmanagerevaluations.workloadmanager.cnrm.cloud.google.com.yaml
Workstation	config/crds/resources/apiextensions.k8s.io_v1_customresourcedefinition_workstations.workstations.cnrm.cloud.google.com.yaml
WorkstationCluster	config/crds/resources/apiextensions.k8s.io_v1_customresourcedefinition_workstationclusters.workstations.cnrm.cloud.google.com.yaml
WorkstationConfig	config/crds/resources/apiextensions.k8s.io_v1_customresourcedefinition_workstationconfigs.workstations.cnrm.cloud.google.com.yaml
