ApigeeRegistryInstance	spec.config.cmekKeyName
AppOptimizeReport	spec.scopes[].application
AppOptimizeReport	spec.scopes[].project
AssuredWorkloadsWorkload	spec.billingAccount
BackupDRManagementServer	spec.networks[].network
BigQueryDataPolicy	spec.policyTag
CertificateManagerCertificateIssuanceConfig	spec.certificateAuthorityConfig.certificateAuthorityServiceConfig.caPool
CloudBuildConnection	spec.bitbucketCloudConfig.authorizerCredential.userTokenSecretVersion
CloudBuildConnection	spec.bitbucketCloudConfig.readAuthorizerCredential.userTokenSecretVersion
CloudBuildConnection	spec.bitbucketCloudConfig.webhookSecretSecretVersion
CloudBuildConnection	spec.bitbucketDataCenterConfig.authorizerCredential.userTokenSecretVersion
CloudBuildConnection	spec.bitbucketDataCenterConfig.readAuthorizerCredential.userTokenSecretVersion
CloudBuildConnection	spec.bitbucketDataCenterConfig.serviceDirectoryConfig.service
CloudBuildConnection	spec.bitbucketDataCenterConfig.webhookSecretSecretVersion
CloudBuildConnection	spec.githubConfig.authorizerCredential.oauthTokenSecretVersion
CloudBuildConnection	spec.githubEnterpriseConfig.privateKeySecretVersion
CloudBuildConnection	spec.githubEnterpriseConfig.serviceDirectoryConfig.service
CloudBuildConnection	spec.githubEnterpriseConfig.webhookSecretSecretVersion
CloudBuildConnection	spec.gitlabConfig.authorizerCredential.userTokenSecretVersion
CloudBuildConnection	spec.gitlabConfig.readAuthorizerCredential.userTokenSecretVersion
CloudBuildConnection	spec.gitlabConfig.serviceDirectoryConfig.service
CloudBuildConnection	spec.gitlabConfig.webhookSecretSecretVersion
CloudDMSMigrationJob	spec.cmekKeyName
CloudDMSMigrationJob	spec.destination
CloudDMSMigrationJob	spec.reverseSSHConnectivity.vm
CloudDMSMigrationJob	spec.reverseSSHConnectivity.vpc
CloudDMSMigrationJob	spec.source
CloudDMSMigrationJob	spec.vpcPeeringConnectivity.vpc
CloudDMSPrivateConnection	spec.vpcPeeringConfig.vpcName
ConfigDeliveryFleetPackage	spec.resourceBundleSelector.cloudBuildRepository.serviceAccount
ConfigDeliveryFleetPackage	spec.target.fleet.project
ConfigDeploymentGroup	spec.deploymentUnits[].deployment
ConnectorsConnection	spec.authConfig.additionalVariables[].secretValue
ConnectorsConnection	spec.authConfig.oauth2ClientCredentials.clientSecret
ConnectorsConnection	spec.authConfig.oauth2JwtBearer.clientKey
ConnectorsConnection	spec.authConfig.sshPublicKey.sshClientCert
ConnectorsConnection	spec.authConfig.sshPublicKey.sshClientCertPass
ConnectorsConnection	spec.configVariables[].secretValue
ConnectorsConnection	spec.connectorVersion
ConnectorsConnection	spec.destinationConfigs[].destinations[].serviceAttachment
ConnectorsConnection	spec.serviceAccount
ConnectorsConnection	spec.sslConfig.additionalVariables[].secretValue
ConnectorsConnection	spec.sslConfig.clientCertificate
ConnectorsConnection	spec.sslConfig.clientPrivateKey
ConnectorsConnection	spec.sslConfig.clientPrivateKeyPass
ConnectorsConnection	spec.sslConfig.privateServerCertificate
DLPDiscoveryConfig	spec.actions[].pubSubNotification.topic
DatabaseMigrationMigrationJob	spec.cmekKeyName
DatabaseMigrationMigrationJob	spec.destination
DatabaseMigrationMigrationJob	spec.reverseSSHConnectivity.vm
DatabaseMigrationMigrationJob	spec.reverseSSHConnectivity.vpc
DatabaseMigrationMigrationJob	spec.source
DatabaseMigrationMigrationJob	spec.vpcPeeringConnectivity.vpc
DatabaseMigrationPrivateConnection	spec.vpcPeeringConfig.vpcName
DataplexDataScan	spec.data.entity
DataplexDataScan	spec.dataDiscoverySpec.bigqueryPublishingConfig.connection
DataplexDataScan	spec.dataProfileSpec.postScanActions.bigqueryExport.resultsTable
DataplexDataScan	spec.dataQualitySpec.postScanActions.bigqueryExport.resultsTable
DataplexEntryType	spec.requiredAspects[].type
DataplexLake	spec.metastore.service
DataplexMetadataJob	spec.exportSpec.scope.aspectTypes
DataplexMetadataJob	spec.exportSpec.scope.entryGroups
DataplexMetadataJob	spec.exportSpec.scope.entryTypes
DataplexMetadataJob	spec.exportSpec.scope.projects
DataplexMetadataJob	spec.importSpec.scope.aspectTypes
DataplexMetadataJob	spec.importSpec.scope.entryGroups
DataplexMetadataJob	spec.importSpec.scope.entryTypes
DataplexTask	spec.executionSpec.kmsKey
DataplexTask	spec.executionSpec.project
DataplexTask	spec.executionSpec.serviceAccount
DevConnectConnection	spec.bitbucketDataCenterConfig.serviceDirectoryConfig.service
DevConnectConnection	spec.githubEnterpriseConfig.serviceDirectoryConfig.service
DevConnectConnection	spec.gitlabEnterpriseConfig.serviceDirectoryConfig.service
DevConnectInsightsConfig	spec.appHubApplication
EventarcChannel	spec.provider
EventarcChannelConnection	spec.channel
EventarcEnrollment	spec.destination
EventarcEnrollment	spec.messageBus
GKEHubFleet	spec.defaultClusterConfig.binaryAuthorizationConfig.policyBindings
GKEMulticloudAttachedCluster	spec.fleet.project
GeminiDataAnalyticsConversation	spec.agents
ModelArmorTemplate	spec.filterConfig.sdpSettings.advancedConfig.deidentifyTemplate
ModelArmorTemplate	spec.filterConfig.sdpSettings.advancedConfig.inspectTemplate
NetworkManagementVPCFlowLogsConfig	spec.interconnectAttachment
NetworkManagementVPCFlowLogsConfig	spec.vpnTunnel
NetworkServicesLBRouteExtension	spec.forwardingRules
NetworkServicesLBTrafficExtension	spec.forwardingRules
NetworkServicesServiceBinding	spec.service
NotebooksExecution	spec.executionTemplate.dataprocParameters.cluster
NotebooksExecution	spec.executionTemplate.serviceAccount
NotebooksExecution	spec.executionTemplate.tensorboard
NotebooksExecution	spec.executionTemplate.vertexAiParameters.network
NotebooksSchedule	spec.executionTemplate.dataprocParameters.cluster
NotebooksSchedule	spec.executionTemplate.serviceAccount
NotebooksSchedule	spec.executionTemplate.tensorboard
NotebooksSchedule	spec.executionTemplate.vertexAiParameters.network
RapidMigrationAssessmentCollector	spec.serviceAccount
RunWorkerPool	spec.template.containers[].env[].valueSource.secretKeyRef.secret
RunWorkerPool	spec.template.containers[].env[].valueSource.secretKeyRef.version
RunWorkerPool	spec.template.encryptionKey
RunWorkerPool	spec.template.serviceAccount
RunWorkerPool	spec.template.serviceMesh.mesh
RunWorkerPool	spec.template.volumes[].cloudSQLInstance.instances
RunWorkerPool	spec.template.volumes[].gcs.bucket
RunWorkerPool	spec.template.volumes[].secret.items[].version
RunWorkerPool	spec.template.volumes[].secret.secret
RunWorkerPool	spec.template.vpcAccess.connector
RunWorkerPool	spec.template.vpcAccess.networkInterfaces[].network
RunWorkerPool	spec.template.vpcAccess.networkInterfaces[].subnetwork
WorkflowsWorkflow	spec.serviceAccount
WorkloadManagerEvaluation	spec.kmsKey
